,Education,Marital_Status,Income,Kidhome,Teenhome,Dt_Customer,Recency,R2Campaign,Age
0,2,3,58138.0,0,0,9.0,58,1,65
1,2,3,46344.0,1,1,8.0,38,0,68
2,2,4,71613.0,0,0,8.0,26,0,57
3,2,4,26646.0,1,0,8.0,26,0,38
4,4,2,58293.0,1,0,8.0,94,0,41
5,3,4,62513.0,0,1,8.0,16,0,55
6,2,1,55635.0,0,1,9.0,34,0,51
7,4,2,33454.0,1,0,9.0,32,0,37
8,4,4,30351.0,1,0,8.0,19,1,48
9,4,4,5648.0,1,1,8.0,68,1,72
11,1,2,7500.0,0,0,9.0,59,0,46
12,2,1,63033.0,0,0,8.0,82,0,63
13,3,1,59354.0,1,1,8.0,53,0,70
14,2,2,17323.0,0,0,9.0,38,0,35
15,4,3,82800.0,0,0,9.0,23,1,76
16,2,2,41850.0,1,1,9.0,51,0,42
17,2,4,37760.0,0,0,9.0,20,0,76
18,3,2,76995.0,0,1,9.0,91,1,73
19,0,3,33812.0,1,0,9.0,86,0,37
20,2,2,37040.0,0,0,9.0,41,0,40
21,2,2,2447.0,1,0,9.0,42,0,43
22,4,2,58607.0,0,1,9.0,63,1,73
23,4,2,65324.0,0,1,8.0,0,0,68
24,2,4,40689.0,0,1,9.0,69,0,71
25,2,3,18589.0,0,0,9.0,89,0,53
26,2,2,53359.0,1,1,8.0,4,0,46
28,2,2,38360.0,1,0,8.0,26,0,33
29,4,2,84618.0,0,0,8.0,96,1,57
30,3,1,10979.0,0,0,7.0,34,0,33
31,3,4,38620.0,0,0,9.0,56,0,59
32,2,4,40548.0,0,1,9.0,31,1,52
33,4,1,46610.0,0,2,9.0,8,1,70
34,3,2,68657.0,0,0,9.0,4,0,76
35,3,3,49389.0,1,1,8.0,55,0,71
36,4,2,67353.0,0,1,8.0,37,0,52
37,0,2,23718.0,1,0,8.0,76,0,46
38,2,5,42429.0,0,1,8.0,99,0,49
39,4,1,48948.0,0,0,9.0,53,1,79
40,2,2,80011.0,0,1,9.0,3,0,42
41,3,2,20559.0,1,0,9.0,88,0,37
42,2,4,21994.0,0,1,9.0,4,0,65
44,3,2,7500.0,1,0,8.0,19,0,47
45,2,3,79941.0,0,0,7.0,72,0,46
46,0,2,7500.0,0,0,9.0,24,1,26
47,2,4,41728.0,1,0,8.0,92,0,54
49,4,2,72550.0,1,1,9.0,39,0,68
50,2,5,65486.0,0,1,8.0,29,0,65
51,3,2,79143.0,0,0,9.0,2,0,58
52,2,3,35790.0,1,0,9.0,54,0,45
53,2,1,82582.0,0,0,7.0,54,1,45
54,2,2,66373.0,1,1,8.0,57,0,44
55,3,4,82384.0,0,0,9.0,55,1,67
56,2,1,70287.0,0,0,9.0,30,1,56
57,2,3,27938.0,1,0,8.0,31,0,34
59,4,2,55954.0,0,1,8.0,63,0,54
60,3,3,75777.0,0,0,8.0,12,1,40
61,2,4,66653.0,1,1,9.0,18,0,47
62,2,3,61823.0,0,1,9.0,26,0,70
63,4,5,67680.0,0,1,8.0,8,0,71
64,2,4,70666.0,0,0,8.0,29,0,74
65,2,2,25721.0,1,0,9.0,75,1,51
66,2,4,32474.0,1,1,8.0,0,0,55
67,0,3,88194.0,0,1,8.0,19,1,43
68,2,4,69096.0,0,1,8.0,4,0,64
69,2,4,74854.0,1,2,9.0,90,0,52
70,3,2,66991.0,0,0,9.0,1,0,68
72,2,2,65031.0,0,1,9.0,29,0,63
73,4,2,60631.0,1,1,9.0,88,1,47
74,2,2,28332.0,0,0,8.0,58,0,70
75,2,1,40246.0,1,0,9.0,68,0,45
76,3,2,75251.0,0,0,9.0,34,1,50
77,2,3,75825.0,0,0,9.0,40,1,46
78,0,4,26326.0,0,0,8.0,12,0,46
79,2,4,56046.0,0,0,9.0,9,1,57
80,2,3,29760.0,1,0,9.0,87,0,37
81,2,2,26304.0,1,0,8.0,5,0,53
82,0,2,23559.0,1,0,8.0,87,0,49
83,3,4,38620.0,0,0,9.0,56,0,59
84,2,1,81361.0,0,0,8.0,18,0,35
85,2,2,29440.0,1,1,8.0,95,0,62
86,3,2,36138.0,1,1,8.0,48,1,52
87,2,3,50388.0,0,1,7.0,3,1,65
88,2,2,79593.0,0,0,8.0,70,1,49
89,2,4,54178.0,0,1,8.0,79,0,55
93,3,3,42394.0,1,0,8.0,69,0,50
94,4,2,23626.0,1,0,7.0,84,0,52
95,2,2,30096.0,1,0,7.0,30,0,39
96,2,5,47916.0,0,1,9.0,72,1,62
97,2,1,51813.0,1,1,9.0,37,0,50
98,0,2,78497.0,0,0,8.0,44,1,71
99,4,2,50150.0,0,0,8.0,32,0,39
100,0,3,47823.0,0,1,8.0,0,0,62
101,4,3,34554.0,0,1,8.0,43,0,63
102,2,4,85693.0,0,1,9.0,59,0,43
103,4,2,65846.0,0,0,9.0,68,0,77
104,2,2,87195.0,0,0,8.0,35,1,63
105,1,4,24594.0,1,0,8.0,94,0,43
106,2,2,49096.0,1,1,8.0,15,0,58
107,2,2,52413.0,0,2,9.0,56,0,53
108,2,3,38557.0,1,0,9.0,17,0,44
109,3,2,89058.0,0,0,9.0,18,0,62
110,2,4,77298.0,0,1,8.0,46,0,43
111,4,3,68126.0,0,0,9.0,40,1,31
112,3,4,57288.0,0,1,7.0,27,1,59
113,2,3,86037.0,0,0,9.0,95,1,31
114,4,2,43974.0,1,0,9.0,19,0,42
115,2,3,50785.0,1,1,8.0,27,0,60
116,2,2,90765.0,0,0,8.0,25,1,52
117,0,2,36550.0,1,0,9.0,74,0,44
118,0,4,30753.0,1,1,8.0,85,0,55
119,2,4,21918.0,1,0,8.0,37,0,53
120,3,4,56129.0,0,1,8.0,65,0,69
121,3,3,32557.0,1,0,8.0,13,1,55
122,3,2,19510.0,2,0,8.0,63,0,37
123,2,1,30992.0,1,0,9.0,83,0,46
124,2,3,101970.0,0,0,9.0,69,1,39
125,0,4,71488.0,0,0,9.0,87,0,57
126,2,3,79607.0,0,0,9.0,37,1,38
127,3,2,54348.0,1,1,7.0,51,0,69
129,4,4,77376.0,1,1,8.0,72,0,66
130,2,2,62998.0,0,1,8.0,10,0,70
131,3,3,61331.0,1,1,9.0,42,0,64
132,2,2,73448.0,0,0,8.0,10,0,53
134,4,2,41551.0,1,1,8.0,51,0,58
135,4,4,62981.0,0,0,9.0,21,1,55
136,1,1,9548.0,1,0,9.0,31,0,46
137,4,2,33762.0,2,1,8.0,61,0,63
138,4,3,35860.0,1,1,8.0,37,1,49
139,4,1,36921.0,1,1,8.0,74,0,57
140,3,3,92859.0,0,0,9.0,46,0,30
141,3,4,65104.0,0,1,8.0,4,1,46
142,2,2,86111.0,0,0,9.0,73,0,60
143,4,3,68352.0,0,1,8.0,47,0,48
144,2,4,41883.0,1,0,9.0,13,0,34
145,2,2,59809.0,0,2,9.0,36,0,46
146,2,2,23957.0,1,0,9.0,47,1,47
147,2,4,38547.0,1,0,8.0,49,0,41
148,0,2,35688.0,2,1,9.0,94,0,49
149,3,2,49605.0,0,0,7.0,65,0,56
150,3,2,59354.0,0,2,8.0,59,0,69
151,2,2,65747.0,0,1,8.0,96,1,53
152,0,4,46344.0,0,1,9.0,28,0,50
153,2,3,34176.0,1,0,8.0,12,0,34
154,4,4,61010.0,0,1,9.0,57,0,70
155,2,4,69372.0,0,0,9.0,10,1,73
156,2,3,49967.0,0,1,8.0,4,0,64
157,2,3,60199.0,1,2,8.0,49,0,44
158,2,4,55375.0,0,1,8.0,3,0,45
159,2,3,80317.0,0,0,8.0,64,0,67
160,3,3,30523.0,2,1,8.0,0,0,64
161,4,2,70356.0,0,0,9.0,20,0,77
162,2,2,23228.0,1,0,8.0,91,0,38
163,4,1,74165.0,0,0,9.0,9,0,47
165,2,4,43482.0,2,1,8.0,83,0,56
166,2,1,62551.0,0,0,8.0,27,1,69
167,2,1,52332.0,0,0,8.0,63,1,63
168,2,3,66951.0,0,0,8.0,46,0,34
169,2,4,26091.0,1,1,8.0,84,0,65
170,2,4,33456.0,1,1,8.0,58,0,57
171,2,2,28718.0,1,0,8.0,78,0,40
172,2,2,50447.0,2,0,8.0,4,0,52
173,4,4,53537.0,1,1,8.0,17,0,63
174,2,3,52074.0,0,1,8.0,77,1,55
175,4,2,80427.0,0,1,9.0,56,0,47
176,4,2,83837.0,0,0,9.0,79,1,74
177,4,2,38853.0,1,1,7.0,90,0,52
178,2,4,38285.0,2,1,7.0,96,0,63
179,0,2,78497.0,0,0,8.0,44,1,71
180,4,2,51650.0,0,1,8.0,81,0,46
181,0,2,16248.0,1,0,8.0,77,0,34
182,3,2,66835.0,0,0,8.0,21,0,76
183,3,2,30477.0,1,0,8.0,16,0,38
184,1,2,28249.0,0,0,7.0,80,0,61
185,2,2,25271.0,1,0,9.0,45,0,39
186,4,3,32303.0,0,1,8.0,63,0,52
187,2,2,61286.0,0,1,8.0,34,0,56
188,2,2,74068.0,0,0,9.0,14,0,46
189,4,2,45759.0,1,1,9.0,13,0,58
190,1,4,24882.0,1,0,9.0,52,1,44
191,4,4,66973.0,0,0,9.0,98,0,33
193,2,2,38872.0,1,0,8.0,93,0,34
194,2,2,51148.0,1,1,9.0,38,0,49
195,2,2,31353.0,1,1,8.0,24,0,45
196,3,2,69661.0,0,0,8.0,80,0,42
197,2,2,80067.0,0,0,8.0,82,1,68
198,2,2,86718.0,0,0,9.0,20,0,68
199,4,3,46854.0,1,1,8.0,81,1,49
200,2,1,69142.0,0,1,7.0,50,1,70
201,2,3,75922.0,0,0,8.0,60,0,54
202,2,1,63693.0,0,1,8.0,63,0,44
203,4,4,102160.0,0,0,9.0,54,1,45
204,4,3,40637.0,1,1,8.0,72,0,57
205,3,3,18890.0,0,0,9.0,5,1,38
206,2,4,29604.0,1,0,8.0,88,1,34
207,3,1,48721.0,1,1,9.0,50,0,59
208,2,2,44794.0,0,1,7.0,99,0,56
209,2,1,64497.0,0,1,9.0,17,1,68
210,2,4,46097.0,0,1,9.0,11,0,66
211,2,4,77972.0,0,0,8.0,18,0,68
212,4,2,44377.0,1,1,9.0,70,0,54
213,3,4,46014.0,1,1,9.0,21,0,48
214,2,2,70951.0,0,0,9.0,66,0,37
215,2,2,41443.0,1,0,8.0,79,0,45
216,0,3,52195.0,2,1,8.0,2,0,44
217,3,2,83790.0,0,0,8.0,81,1,74
218,3,5,44551.0,0,1,8.0,24,0,68
219,2,4,69508.0,1,0,9.0,48,0,42
220,0,4,45204.0,1,0,8.0,93,0,34
221,2,2,72460.0,0,0,8.0,56,0,53
222,4,4,77622.0,0,2,8.0,3,0,52
223,4,2,30732.0,1,0,9.0,44,0,42
224,2,1,63887.0,0,1,9.0,38,0,60
225,2,4,42011.0,1,0,9.0,46,0,44
226,2,4,51369.0,0,1,9.0,84,0,46
227,2,1,51537.0,0,1,9.0,27,0,70
228,4,2,79930.0,0,0,9.0,72,0,50
229,4,4,34320.0,1,0,8.0,66,0,36
230,2,3,37070.0,1,1,9.0,30,1,56
231,0,1,81975.0,0,1,9.0,2,1,60
232,2,4,38590.0,1,0,9.0,65,0,51
233,2,3,15033.0,0,0,8.0,37,0,71
234,4,2,62745.0,0,1,9.0,89,0,57
235,0,2,22212.0,1,0,8.0,49,0,47
236,3,4,23661.0,1,0,8.0,46,0,40
237,4,3,79761.0,0,1,8.0,32,0,64
238,2,3,7500.0,1,0,8.0,54,0,49
240,2,5,73455.0,0,0,8.0,98,1,54
241,2,4,64961.0,0,1,9.0,97,0,64
242,2,3,22804.0,1,0,8.0,75,0,51
243,2,2,73687.0,0,0,8.0,8,1,32
244,2,2,61074.0,0,1,9.0,37,0,64
245,4,2,31686.0,1,1,7.0,31,0,58
246,2,2,80134.0,1,0,9.0,40,1,50
247,2,2,75027.0,0,1,9.0,74,0,69
248,4,2,67546.0,0,0,9.0,90,0,34
249,3,4,65176.0,0,1,9.0,57,0,53
250,3,3,31160.0,1,0,8.0,59,0,47
251,2,3,29938.0,1,0,8.0,52,0,37
252,2,1,102692.0,0,0,9.0,5,1,48
253,0,4,26490.0,0,0,9.0,92,0,64
254,2,4,75702.0,1,1,9.0,77,0,55
255,4,3,30899.0,1,0,9.0,35,0,48
256,4,4,63342.0,0,1,9.0,48,1,61
257,2,3,45989.0,0,1,9.0,97,0,58
258,2,3,18701.0,1,1,8.0,95,0,58
259,4,3,40737.0,2,1,8.0,24,0,65
260,2,1,15287.0,1,0,9.0,60,1,43
261,4,1,69674.0,0,2,8.0,46,0,54
262,3,2,44159.0,1,0,7.0,85,0,52
263,4,2,37717.0,1,0,9.0,31,0,44
264,3,4,43776.0,1,1,9.0,9,1,70
265,3,2,38179.0,1,1,9.0,30,0,56
266,2,2,80124.0,0,0,7.0,47,1,59
267,4,2,38097.0,1,1,9.0,70,1,52
268,2,2,72940.0,0,0,8.0,13,0,52
269,2,4,22070.0,1,0,8.0,11,0,52
270,2,3,69267.0,0,0,9.0,31,1,69
271,3,3,31788.0,1,0,8.0,15,0,39
272,4,4,61905.0,0,1,8.0,2,0,47
273,2,2,29315.0,1,1,8.0,55,0,62
274,2,1,33378.0,1,1,9.0,38,0,59
275,4,4,66313.0,0,1,8.0,86,0,59
276,2,3,60714.0,0,0,9.0,56,1,66
277,3,4,77882.0,0,0,8.0,29,0,41
278,4,3,69867.0,0,0,9.0,30,1,36
279,3,1,63841.0,0,1,9.0,64,0,54
280,1,2,24480.0,1,0,9.0,46,0,41
281,2,4,51369.0,0,1,9.0,84,0,46
282,2,4,37760.0,0,0,9.0,20,0,76
283,4,4,65640.0,0,1,8.0,74,0,48
284,3,2,44319.0,1,1,8.0,18,0,47
285,2,2,30631.0,1,0,8.0,75,0,48
286,2,4,75278.0,0,0,9.0,17,0,70
287,3,4,50898.0,1,1,9.0,88,0,66
288,2,5,79946.0,0,0,8.0,19,0,56
289,3,1,35416.0,0,0,8.0,62,0,73
290,0,4,32414.0,0,0,8.0,11,1,38
291,2,4,38361.0,1,0,8.0,74,0,53
292,2,2,82497.0,0,0,9.0,32,1,42
293,2,4,16626.0,2,0,8.0,76,0,51
294,2,4,29672.0,1,1,9.0,6,0,57
295,3,4,55951.0,0,1,9.0,62,1,70
296,0,1,35388.0,1,0,9.0,20,0,34
297,3,4,42386.0,1,0,9.0,43,0,36
298,2,3,68627.0,0,0,9.0,45,0,40
299,4,1,57912.0,0,1,8.0,34,1,57
300,2,1,35246.0,1,1,8.0,53,0,64
301,0,4,58821.0,0,1,8.0,44,0,66
302,4,2,46377.0,1,0,8.0,89,0,44
303,2,3,39747.0,1,0,8.0,43,0,34
304,2,4,23976.0,1,0,8.0,68,0,38
305,3,2,80950.0,0,0,9.0,44,1,61
306,2,5,27038.0,0,0,9.0,64,1,56
307,2,3,77457.0,0,0,8.0,85,1,75
308,3,2,64100.0,0,1,8.0,93,1,58
309,3,4,42670.0,0,0,9.0,12,0,30
310,2,1,12571.0,1,0,8.0,86,0,46
311,2,2,22574.0,2,1,8.0,28,0,55
313,3,3,70893.0,0,0,9.0,42,0,46
314,2,2,54198.0,1,1,8.0,13,0,56
315,3,4,28839.0,1,1,8.0,86,0,66
316,2,2,40321.0,1,1,8.0,59,0,50
317,2,3,66503.0,1,0,9.0,30,0,37
318,2,2,30833.0,1,1,8.0,33,0,71
320,2,2,64795.0,0,1,9.0,23,0,51
321,2,2,34421.0,1,0,8.0,81,0,48
322,4,1,47025.0,1,1,8.0,6,0,57
323,4,1,64325.0,0,1,9.0,41,0,61
324,2,3,40464.0,0,1,9.0,78,0,69
325,2,2,62187.0,0,0,8.0,49,0,65
326,4,1,14849.0,1,0,8.0,39,0,46
327,2,2,27255.0,1,0,8.0,3,0,38
328,4,2,54432.0,2,1,9.0,37,0,72
329,4,3,29999.0,1,0,9.0,22,0,36
330,2,3,24072.0,1,0,9.0,79,0,39
331,4,3,33996.0,0,0,8.0,46,0,33
332,4,2,66334.0,0,1,9.0,82,1,66
333,3,2,35178.0,1,0,9.0,10,1,51
334,2,4,22010.0,1,0,8.0,51,0,39
335,2,1,62204.0,0,2,9.0,38,0,62
336,2,1,75693.0,0,0,9.0,10,1,54
337,2,2,30675.0,1,0,9.0,14,0,50
338,2,4,83003.0,0,0,9.0,18,1,57
340,2,3,68655.0,0,0,9.0,95,0,34
341,2,1,41411.0,0,0,8.0,11,0,36
342,4,2,55212.0,0,1,9.0,65,1,53
343,4,4,59292.0,0,1,8.0,71,0,72
344,1,4,27190.0,1,0,8.0,13,1,49
345,2,1,82623.0,0,0,8.0,58,0,70
346,2,2,44300.0,1,1,8.0,65,0,57
347,2,1,84835.0,0,0,7.0,0,1,52
348,2,5,30372.0,1,1,9.0,33,0,51
349,3,2,33181.0,1,0,8.0,90,1,46
350,2,2,71113.0,0,1,8.0,95,0,65
351,2,2,71952.0,1,0,9.0,93,1,36
352,4,3,69759.0,0,0,8.0,38,1,56
353,2,2,72099.0,0,0,9.0,18,0,48
354,4,3,60000.0,0,1,9.0,57,0,46
355,2,3,38643.0,1,1,8.0,45,0,44
356,2,2,50737.0,0,1,9.0,61,1,67
357,4,2,68462.0,0,0,9.0,6,0,53
358,3,2,65073.0,0,0,8.0,65,0,79
359,4,4,46681.0,0,2,8.0,52,0,74
360,2,2,78618.0,0,0,9.0,87,1,65
361,4,5,62187.0,0,1,8.0,38,0,53
362,2,2,28442.0,2,0,8.0,53,0,44
363,4,2,37717.0,1,0,9.0,31,0,44
364,2,2,51479.0,1,1,9.0,67,0,55
365,2,3,54803.0,0,1,9.0,65,0,53
366,2,2,79530.0,0,0,9.0,64,0,62
367,2,1,31615.0,1,0,9.0,82,0,46
368,2,4,72025.0,0,0,9.0,27,0,60
369,4,3,52614.0,0,1,9.0,63,0,47
370,0,2,35684.0,1,0,8.0,66,0,38
371,2,2,48178.0,1,1,9.0,69,0,47
372,3,3,29548.0,1,0,8.0,52,1,52
373,2,3,63810.0,0,1,9.0,45,1,56
374,4,3,38578.0,1,1,8.0,2,1,50
375,3,3,46098.0,1,1,9.0,86,0,47
376,2,3,22585.0,0,0,9.0,23,1,52
377,2,3,30279.0,1,0,9.0,13,0,33
378,4,4,66426.0,0,1,8.0,14,0,61
379,2,3,30822.0,1,0,8.0,92,0,53
380,4,2,33581.0,2,0,9.0,38,0,53
381,2,2,19986.0,1,0,8.0,74,0,37
382,2,5,27421.0,0,0,9.0,14,0,68
383,0,2,35688.0,2,1,9.0,94,0,49
384,3,3,36143.0,1,0,8.0,33,0,41
385,2,3,10245.0,1,0,9.0,32,0,51
386,3,4,43795.0,0,1,8.0,11,1,54
387,2,4,63381.0,0,1,9.0,78,0,62
388,2,4,38823.0,0,1,9.0,56,0,73
389,4,1,83664.0,1,1,9.0,57,0,54
390,2,4,90300.0,0,0,8.0,7,1,43
391,3,4,62499.0,1,0,8.0,0,0,43
392,2,3,74293.0,0,0,8.0,66,0,29
393,4,2,51012.0,0,0,9.0,86,0,76
394,3,2,70777.0,0,1,8.0,80,0,54
395,4,4,68682.0,0,0,8.0,56,0,31
396,2,2,43824.0,1,1,9.0,18,0,51
397,2,4,15345.0,1,0,9.0,51,1,38
398,2,3,23442.0,1,0,9.0,71,0,35
399,0,4,14515.0,1,0,9.0,71,1,42
400,0,1,31395.0,1,1,9.0,80,0,66
401,2,4,75276.0,0,0,9.0,2,0,57
402,2,3,42373.0,1,1,8.0,83,0,48
403,2,4,30507.0,0,0,9.0,29,0,62
404,4,3,55521.0,1,2,8.0,11,1,67
405,2,2,48006.0,1,1,7.0,55,0,57
406,4,3,27213.0,1,0,9.0,19,1,50
407,4,1,65808.0,1,1,7.0,1,0,51
408,4,4,30351.0,1,0,8.0,19,0,48
409,2,2,50437.0,0,2,9.0,28,0,59
410,0,3,23616.0,1,0,9.0,76,1,40
411,2,2,53858.0,0,1,9.0,50,0,46
412,4,2,66465.0,0,1,9.0,1,1,67
413,2,3,46923.0,1,0,9.0,90,0,35
414,2,4,75072.0,0,1,9.0,83,0,60
415,4,2,75865.0,0,0,8.0,73,0,79
416,0,4,19789.0,1,0,8.0,24,1,47
417,2,4,80134.0,0,0,8.0,11,1,28
418,2,3,91065.0,0,0,9.0,33,1,41
419,3,2,49505.0,1,1,9.0,4,0,51
420,4,2,37401.0,1,0,8.0,14,0,49
421,2,2,30096.0,1,0,7.0,30,0,39
422,3,4,18492.0,1,0,7.0,75,0,40
423,3,2,82584.0,0,0,8.0,26,1,48
424,4,2,93027.0,0,0,9.0,77,1,81
425,2,2,48686.0,1,2,8.0,8,0,69
426,2,2,92910.0,0,0,8.0,42,1,36
427,2,2,75433.0,1,0,8.0,28,1,33
428,0,4,10404.0,1,0,8.0,52,0,33
429,2,2,61314.0,0,1,9.0,1,0,54
430,4,3,84865.0,0,0,9.0,1,1,61
431,2,2,42387.0,1,0,9.0,42,0,33
432,0,4,67309.0,1,1,9.0,76,0,55
433,2,2,75236.0,0,1,8.0,27,0,58
434,2,3,30015.0,1,0,8.0,28,0,52
435,3,4,50943.0,0,1,8.0,49,0,66
436,2,1,67272.0,0,1,8.0,12,0,56
437,3,5,51529.0,0,1,8.0,14,0,73
438,4,2,32011.0,1,0,8.0,89,0,51
439,0,2,7500.0,1,0,9.0,96,0,36
440,2,2,28691.0,1,0,8.0,56,0,33
441,4,2,56223.0,0,1,8.0,72,0,74
442,2,2,18100.0,0,0,8.0,14,0,76
443,2,3,30279.0,1,0,9.0,13,0,33
444,0,2,20130.0,0,0,8.0,99,0,48
445,2,1,23295.0,0,0,8.0,72,0,63
446,3,1,42618.0,1,0,8.0,92,0,50
447,2,3,81246.0,0,0,8.0,87,1,58
448,2,2,24027.0,1,0,8.0,7,0,46
449,4,2,55707.0,0,1,8.0,91,0,69
450,2,3,57959.0,0,1,9.0,71,0,67
451,2,2,56796.0,0,1,9.0,24,0,53
452,3,3,36230.0,1,0,8.0,17,0,51
453,0,2,70829.0,1,1,8.0,87,0,42
454,2,2,65991.0,0,1,9.0,21,0,46
455,2,2,38988.0,1,2,9.0,90,0,50
456,0,3,89572.0,0,0,9.0,44,1,56
457,3,2,42207.0,1,0,9.0,71,1,38
458,2,2,50300.0,0,1,7.0,52,0,70
459,0,4,66664.0,0,0,9.0,78,0,40
460,2,2,60597.0,0,1,8.0,2,1,58
461,2,5,70165.0,0,0,8.0,60,0,73
462,4,5,50520.0,0,1,8.0,25,0,64
463,2,2,80124.0,0,0,7.0,47,1,59
464,2,2,33183.0,1,0,8.0,46,0,47
465,4,3,66582.0,0,0,8.0,83,0,53
466,4,4,75261.0,0,0,9.0,17,1,67
467,2,5,31880.0,1,0,9.0,13,0,52
468,2,2,53790.0,0,2,8.0,86,0,71
469,4,4,49269.0,1,0,9.0,92,0,51
470,2,2,61456.0,0,1,9.0,47,0,47
471,2,2,37406.0,1,0,8.0,18,1,42
472,4,4,56937.0,1,0,9.0,81,1,41
473,2,2,38415.0,1,1,9.0,91,0,44
474,2,3,20518.0,1,0,8.0,58,0,34
475,2,2,62503.0,0,1,9.0,40,0,66
476,4,3,41644.0,1,1,8.0,67,0,50
477,3,2,55842.0,0,1,7.0,19,0,45
478,4,2,62010.0,0,1,9.0,93,0,50
479,2,2,41124.0,1,0,9.0,41,0,45
480,3,2,38961.0,1,0,8.0,60,0,49
481,3,1,37760.0,1,0,8.0,54,0,50
482,2,3,32233.0,1,0,9.0,26,1,48
483,2,2,43057.0,0,1,8.0,30,0,47
484,3,4,83151.0,0,0,9.0,93,0,62
485,4,1,78825.0,0,0,9.0,35,1,58
486,3,4,65104.0,0,1,8.0,4,0,46
487,2,2,60093.0,0,1,8.0,92,0,48
488,2,2,14045.0,1,0,8.0,24,0,53
489,0,5,28457.0,0,0,9.0,96,0,70
490,4,4,78952.0,0,1,9.0,11,0,64
491,2,1,46310.0,1,0,9.0,99,0,46
492,2,4,76005.0,0,0,9.0,72,1,67
493,3,3,58308.0,0,1,9.0,77,0,58
494,4,1,55614.0,0,0,8.0,85,1,78
495,3,1,59432.0,0,1,9.0,88,0,60
496,2,1,55563.0,0,1,8.0,22,0,44
497,4,4,78642.0,0,1,9.0,83,0,51
498,4,4,67911.0,0,1,7.0,63,0,73
499,2,2,65275.0,0,0,9.0,9,0,78
500,2,4,27203.0,1,1,9.0,92,0,72
501,3,4,48330.0,0,1,8.0,2,0,61
502,1,2,24279.0,0,0,9.0,6,0,32
503,4,2,64355.0,1,0,9.0,66,0,37
504,3,4,50943.0,0,1,8.0,49,0,66
505,2,5,53653.0,0,0,9.0,29,0,69
506,2,2,65665.0,0,1,8.0,77,0,46
507,2,3,81217.0,0,0,8.0,77,0,33
508,2,2,34935.0,0,0,8.0,71,0,30
509,2,1,61250.0,0,1,9.0,49,0,63
510,4,4,39665.0,1,0,8.0,97,1,41
511,2,3,60152.0,0,1,9.0,6,0,43
512,2,2,48920.0,0,2,8.0,93,1,58
513,3,4,89120.0,0,0,8.0,78,1,63
514,4,4,44124.0,0,1,9.0,62,0,76
515,3,3,81169.0,0,0,9.0,47,0,47
516,2,2,36443.0,1,1,9.0,9,0,61
517,2,3,26095.0,1,0,8.0,77,0,32
518,2,4,71367.0,0,0,8.0,24,0,63
519,3,2,80184.0,0,0,8.0,19,1,78
520,2,1,30630.0,1,1,8.0,67,0,57
521,3,3,73454.0,0,0,8.0,95,1,35
522,2,2,42691.0,0,0,8.0,48,0,31
523,2,2,70503.0,0,0,9.0,73,1,69
524,2,2,25545.0,1,0,9.0,35,1,35
525,2,2,32880.0,1,0,9.0,76,0,36
526,4,4,77863.0,0,0,8.0,20,0,64
527,3,2,50353.0,0,0,7.0,72,0,45
528,2,3,61839.0,0,0,9.0,20,0,58
529,4,2,49154.0,1,1,8.0,69,0,62
530,0,5,47682.0,0,1,9.0,80,0,47
531,2,3,72679.0,0,1,8.0,65,0,53
532,3,4,57954.0,1,1,7.0,52,1,45
533,2,2,65316.0,1,1,9.0,65,0,60
534,2,3,28567.0,1,0,8.0,57,0,40
535,3,4,47352.0,0,1,9.0,70,0,71
536,2,4,44931.0,0,1,8.0,0,0,55
537,2,1,76982.0,0,0,8.0,19,1,55
538,0,4,57247.0,0,1,8.0,50,0,70
539,3,3,22944.0,1,0,8.0,67,0,41
540,0,4,25315.0,1,0,8.0,46,0,45
541,2,5,43638.0,0,1,9.0,37,0,53
542,4,3,42710.0,1,0,9.0,38,0,38
543,4,2,84169.0,0,0,8.0,9,1,40
544,2,4,54058.0,0,1,8.0,56,0,46
545,0,2,24683.0,1,0,8.0,98,0,32
546,2,5,85620.0,0,0,8.0,68,1,58
547,2,2,47850.0,1,0,8.0,72,0,42
548,2,2,19514.0,1,1,8.0,47,1,54
549,3,2,27159.0,1,1,8.0,33,0,49
550,0,3,39548.0,1,1,8.0,87,0,59
551,2,3,21474.0,1,0,8.0,0,1,33
552,4,3,60504.0,0,1,8.0,73,0,51
553,2,2,22419.0,0,0,9.0,74,0,59
554,3,2,81698.0,0,0,8.0,4,1,73
555,2,4,43462.0,1,1,9.0,50,0,70
556,4,3,54880.0,1,0,9.0,57,0,44
557,2,2,79908.0,0,0,9.0,30,1,40
558,0,2,15315.0,0,0,8.0,27,0,52
559,2,4,87771.0,0,1,8.0,61,1,63
560,2,2,33039.0,1,0,8.0,4,0,44
561,2,3,81741.0,0,0,8.0,75,0,42
562,3,4,71499.0,0,1,8.0,12,0,51
563,0,2,62466.0,0,1,8.0,13,0,52
564,4,1,48799.0,0,1,8.0,9,0,59
565,4,4,52157.0,0,1,7.0,48,0,72
566,2,3,66565.0,0,1,9.0,80,0,60
567,3,4,29298.0,1,1,8.0,60,0,71
568,2,3,47691.0,0,1,8.0,43,0,43
569,2,4,38200.0,1,1,9.0,19,0,52
570,2,2,44989.0,0,1,9.0,26,0,48
571,4,2,38443.0,1,1,8.0,58,0,54
572,0,3,38593.0,1,0,8.0,42,0,44
573,4,4,64413.0,0,1,8.0,27,0,52
574,3,2,36959.0,1,0,8.0,56,0,41
575,4,2,61996.0,0,1,9.0,27,1,45
576,2,2,51287.0,1,1,8.0,10,0,54
577,2,2,13260.0,1,1,8.0,48,0,52
578,4,4,47472.0,1,1,8.0,39,0,56
579,3,4,54603.0,1,1,8.0,85,0,66
580,4,2,45207.0,1,1,9.0,64,1,48
581,2,4,40689.0,0,1,9.0,69,0,71
582,0,4,47821.0,1,1,8.0,54,0,55
583,3,2,27450.0,0,0,9.0,57,0,71
584,2,4,39453.0,1,0,8.0,64,0,39
585,0,4,26850.0,1,1,8.0,10,0,51
586,2,5,79800.0,0,0,9.0,65,1,67
587,3,2,61794.0,0,1,8.0,74,0,61
588,2,4,53863.0,0,1,8.0,4,1,67
589,2,4,24221.0,0,0,8.0,94,0,63
590,4,3,39684.0,1,0,9.0,41,1,38
591,3,2,92163.0,0,0,9.0,25,1,47
592,3,3,69882.0,0,0,8.0,94,0,57
593,2,4,33178.0,1,0,8.0,9,0,45
594,4,2,59973.0,0,0,8.0,47,0,50
595,3,4,17459.0,1,0,8.0,12,1,47
596,2,1,23910.0,1,0,9.0,80,0,53
597,3,2,42169.0,1,1,8.0,20,0,53
598,0,2,26224.0,1,0,8.0,39,0,44
599,2,4,31089.0,1,0,9.0,57,0,41
600,2,3,30081.0,0,1,9.0,27,0,61
601,2,4,62807.0,0,1,9.0,83,0,62
602,2,3,72906.0,0,0,8.0,79,0,67
603,4,2,61467.0,0,2,9.0,69,0,74
604,3,4,49618.0,1,1,9.0,77,0,56
605,3,3,21888.0,1,0,9.0,15,1,36
606,2,5,42429.0,0,1,8.0,99,0,49
607,2,1,26150.0,2,1,9.0,61,0,66
608,1,2,30801.0,0,1,9.0,23,0,47
609,2,2,81168.0,0,0,8.0,84,1,57
610,3,3,26877.0,0,0,8.0,74,0,53
611,3,5,45006.0,0,0,8.0,90,0,78
612,1,2,18978.0,1,0,9.0,41,0,49
613,2,2,22574.0,2,1,8.0,28,0,55
614,4,3,48240.0,0,0,9.0,73,1,53
615,2,2,45837.0,1,1,8.0,88,0,48
616,3,3,35791.0,2,1,9.0,94,0,57
618,2,5,54162.0,1,1,9.0,31,0,44
619,3,2,30522.0,0,1,9.0,6,0,62
620,4,2,54456.0,0,1,8.0,23,0,61
621,2,3,31632.0,0,0,8.0,92,0,51
622,2,5,72298.0,0,0,8.0,52,1,73
623,0,3,36975.0,1,0,8.0,50,0,44
624,0,2,72635.0,0,0,8.0,54,1,67
625,2,2,13624.0,1,0,9.0,93,0,46
626,2,3,84196.0,0,1,8.0,56,0,47
627,2,4,70971.0,0,1,9.0,28,1,62
628,4,1,34487.0,1,1,9.0,94,0,45
629,2,3,28769.0,1,0,9.0,76,0,45
630,4,2,69084.0,1,0,8.0,43,0,52
631,4,4,65488.0,0,0,7.0,46,0,64
632,0,2,62466.0,0,1,8.0,13,0,52
633,0,3,32218.0,0,0,8.0,27,1,62
634,2,3,83917.0,0,0,9.0,12,1,49
635,2,1,46102.0,2,1,8.0,3,0,60
636,2,3,84574.0,0,0,8.0,72,0,70
637,2,2,56181.0,0,1,9.0,6,0,60
638,3,1,63120.0,0,1,9.0,53,1,72
639,2,2,73691.0,0,1,8.0,58,1,51
640,2,4,63381.0,0,1,9.0,78,0,62
641,4,4,76140.0,0,0,8.0,57,0,74
642,4,1,62859.0,0,1,9.0,37,0,63
643,2,3,45906.0,0,1,9.0,20,1,58
644,3,4,77632.0,0,0,9.0,73,1,75
645,4,2,46463.0,1,1,8.0,56,0,51
646,2,4,105471.0,0,0,9.0,36,1,52
647,3,1,55282.0,1,0,8.0,9,0,52
648,3,2,78710.0,0,1,7.0,42,0,45
649,2,4,66886.0,0,1,8.0,28,0,64
650,3,3,98777.0,0,0,8.0,23,1,62
651,2,4,29103.0,1,0,9.0,38,0,37
652,2,2,67445.0,0,1,9.0,63,0,48
653,4,4,50616.0,0,1,8.0,71,0,72
654,2,1,49431.0,0,1,9.0,9,0,67
656,2,4,61278.0,0,1,8.0,87,0,69
657,0,4,26490.0,0,0,9.0,92,0,64
658,4,4,73059.0,0,1,8.0,36,0,75
659,4,3,46734.0,1,2,8.0,86,1,56
660,2,4,56253.0,0,1,9.0,83,0,59
661,2,2,19986.0,1,0,8.0,74,0,37
662,2,5,58330.0,0,1,8.0,87,0,47
663,1,2,25965.0,0,0,9.0,29,0,42
664,3,4,14661.0,0,0,9.0,88,0,66
665,2,2,18690.0,0,0,9.0,77,0,63
666,4,4,45068.0,0,1,9.0,25,0,48
667,1,3,21063.0,1,0,8.0,34,0,35
668,4,2,29187.0,1,0,9.0,43,0,54
669,0,2,54690.0,1,1,8.0,76,0,51
670,4,2,59304.0,0,1,8.0,81,0,58
671,3,3,59247.0,0,2,8.0,87,0,60
672,2,5,66731.0,0,1,9.0,33,0,52
673,2,2,77353.0,0,1,8.0,38,0,42
674,4,3,52614.0,0,1,9.0,63,0,47
675,2,2,26751.0,2,0,7.0,26,0,48
676,4,2,81300.0,0,1,9.0,17,1,59
677,2,3,70337.0,0,0,8.0,75,0,43
678,0,2,36145.0,1,0,8.0,13,1,37
679,4,3,65295.0,0,0,8.0,19,0,42
680,2,1,68118.0,0,1,8.0,51,0,59
681,2,1,68743.0,0,0,9.0,81,0,55
682,0,4,41039.0,0,0,8.0,32,0,40
683,2,4,38946.0,0,1,8.0,84,0,67
684,2,4,65777.0,0,0,8.0,87,0,55
685,4,1,66476.0,0,1,9.0,99,0,46
686,4,3,86857.0,0,0,9.0,96,1,50
688,4,4,77845.0,0,0,8.0,40,1,33
689,4,4,69476.0,0,0,8.0,3,0,53
690,4,1,50611.0,0,1,9.0,98,1,62
691,2,3,61209.0,0,0,8.0,73,0,52
692,3,4,42315.0,0,1,8.0,90,0,64
693,1,4,13084.0,0,0,8.0,29,0,70
694,3,5,47570.0,1,1,8.0,3,1,73
695,3,2,61923.0,0,2,8.0,94,0,61
696,2,3,34824.0,0,0,8.0,65,0,27
697,4,3,26518.0,1,1,9.0,33,1,73
698,2,3,45938.0,0,0,8.0,46,0,61
699,2,4,78468.0,0,0,8.0,29,1,62
700,2,1,78901.0,0,1,8.0,99,0,49
701,2,2,71427.0,2,0,8.0,26,0,44
702,2,1,71022.0,0,1,8.0,30,1,44
703,3,3,90247.0,0,0,8.0,27,1,34
704,3,1,41335.0,1,0,8.0,24,0,54
705,2,2,71952.0,1,0,9.0,93,1,36
706,4,1,35682.0,1,0,7.0,34,0,52
707,2,1,43185.0,0,1,9.0,88,0,71
708,4,4,66375.0,0,1,8.0,96,1,74
709,3,2,35178.0,1,0,9.0,10,1,51
710,2,2,25252.0,1,0,8.0,26,0,36
711,3,3,55250.0,0,1,9.0,49,0,57
712,2,3,33249.0,1,0,9.0,11,0,47
713,2,4,58398.0,0,0,9.0,44,0,69
714,2,4,50272.0,1,0,8.0,75,0,40
715,4,2,76618.0,0,0,9.0,64,0,47
716,0,1,87305.0,0,0,9.0,19,1,62
717,2,4,25851.0,1,0,9.0,45,0,44
718,2,1,58710.0,0,1,9.0,77,0,52
719,2,3,45160.0,1,1,8.0,9,0,64
720,3,2,74806.0,0,1,9.0,1,0,57
721,2,2,59111.0,0,0,9.0,90,0,68
722,4,2,18988.0,1,0,7.0,43,0,38
723,2,2,72190.0,0,0,9.0,79,0,57
724,2,2,7500.0,1,0,9.0,19,1,46
725,2,2,44794.0,0,1,7.0,99,0,56
726,2,2,80395.0,0,0,8.0,62,1,67
727,3,1,75012.0,0,0,8.0,41,0,46
728,3,2,56962.0,2,1,8.0,60,0,57
729,2,4,89891.0,0,0,9.0,17,1,31
730,4,1,35946.0,1,1,8.0,24,0,73
731,4,4,53593.0,1,1,9.0,60,0,69
732,2,2,66373.0,1,1,8.0,57,0,44
733,4,1,45072.0,1,2,8.0,74,0,74
734,2,1,89694.0,1,1,8.0,22,1,49
735,2,2,72025.0,0,0,8.0,46,1,73
736,2,2,67432.0,0,1,9.0,69,0,49
737,3,4,70545.0,0,1,7.0,29,0,70
738,1,2,17487.0,1,0,9.0,37,0,33
739,2,4,62882.0,0,1,9.0,26,0,53
740,4,3,64108.0,0,1,9.0,8,0,69
741,3,4,34941.0,1,1,9.0,26,0,66
742,4,3,48767.0,1,2,8.0,79,0,72
743,0,4,38702.0,1,0,8.0,71,0,44
744,2,2,82224.0,0,0,8.0,83,1,58
745,2,4,83844.0,0,0,9.0,57,1,70
746,0,2,17003.0,1,0,8.0,37,0,47
747,2,3,71163.0,0,0,8.0,30,0,27
748,2,3,33697.0,1,0,8.0,34,1,52
749,0,2,63564.0,0,0,8.0,0,1,68
750,4,4,83443.0,0,0,8.0,89,0,50
751,4,4,51518.0,0,1,8.0,92,0,64
752,2,5,58330.0,0,1,8.0,87,0,47
753,2,2,80952.0,0,0,9.0,20,1,53
754,2,4,75507.0,0,0,8.0,56,0,43
755,0,4,63855.0,0,0,9.0,28,0,44
756,4,4,62220.0,0,1,9.0,55,1,50
757,2,2,58512.0,0,1,8.0,25,0,58
758,3,2,40662.0,1,0,9.0,0,0,43
759,4,2,38829.0,0,1,8.0,86,0,63
760,0,2,35523.0,1,0,8.0,8,0,41
761,2,3,79146.0,1,1,8.0,33,0,55
762,3,2,78285.0,0,0,8.0,13,0,34
763,4,3,31626.0,1,0,9.0,12,1,44
764,2,3,75127.0,0,0,7.0,92,0,70
765,2,2,48726.0,0,1,9.0,90,0,67
766,2,2,74985.0,0,0,9.0,8,0,45
767,2,4,67430.0,0,0,9.0,6,0,35
768,0,2,46891.0,0,1,8.0,91,0,57
769,3,2,62058.0,0,1,8.0,52,0,66
770,2,2,72063.0,0,1,8.0,3,0,43
771,4,2,78939.0,0,0,8.0,57,0,71
772,2,3,42720.0,1,1,9.0,9,1,57
773,2,2,33622.0,1,1,9.0,22,0,50
774,4,4,6835.0,0,1,9.0,76,0,65
775,2,4,41452.0,1,1,9.0,86,0,69
776,4,3,40760.0,0,1,8.0,64,0,57
777,4,4,74250.0,0,0,8.0,90,0,64
778,3,3,51124.0,1,1,8.0,79,0,67
779,2,3,72258.0,0,1,8.0,28,0,51
780,4,3,71466.0,0,0,8.0,86,0,48
781,2,4,36283.0,1,1,8.0,42,0,46
782,2,3,20587.0,1,0,8.0,39,0,52
783,2,2,30467.0,1,0,8.0,8,0,50
784,2,4,31590.0,1,0,8.0,40,0,50
785,1,2,20425.0,1,0,9.0,5,0,36
786,3,4,17144.0,1,1,8.0,96,0,62
787,4,1,42564.0,0,1,9.0,28,1,54
788,3,2,43783.0,1,0,7.0,22,1,44
789,2,1,40780.0,0,1,9.0,30,0,46
790,3,4,62847.0,0,0,9.0,45,0,77
791,4,2,82017.0,0,0,9.0,58,1,65
792,2,3,16813.0,0,0,8.0,49,1,72
793,2,2,51267.0,1,1,8.0,37,0,44
794,2,3,46524.0,0,1,9.0,70,0,61
795,3,3,45183.0,0,0,9.0,33,1,60
796,4,2,70421.0,0,1,7.0,98,0,68
797,0,1,60161.0,0,1,9.0,17,0,57
798,2,4,73926.0,0,0,9.0,54,0,49
799,2,2,19329.0,1,0,8.0,39,0,54
800,3,2,61872.0,0,1,8.0,81,0,52
801,2,5,46984.0,1,1,9.0,71,0,66
802,2,2,34838.0,1,1,9.0,62,0,71
803,4,3,82716.0,0,0,8.0,8,0,78
804,2,2,48192.0,0,0,9.0,76,1,64
805,3,2,49681.0,0,2,8.0,66,0,46
806,3,2,56850.0,0,1,8.0,83,0,51
807,2,2,55267.0,0,1,8.0,28,0,65
808,2,2,59666.0,1,1,9.0,87,1,50
809,2,3,72504.0,0,1,9.0,43,0,50
810,2,2,26872.0,0,0,8.0,0,0,41
811,2,3,21359.0,1,0,9.0,1,1,50
812,2,3,73170.0,0,0,7.0,1,0,47
813,3,2,52750.0,0,1,9.0,72,0,67
814,4,4,91820.0,0,0,8.0,72,0,36
815,4,4,65968.0,0,1,8.0,12,0,52
816,2,2,30772.0,1,1,8.0,89,0,46
817,2,3,22507.0,0,0,9.0,67,0,68
818,2,2,65685.0,0,1,8.0,54,0,50
819,0,2,25804.0,1,0,8.0,34,0,44
820,4,3,76412.0,0,0,9.0,15,1,42
821,2,2,22063.0,1,0,8.0,43,0,50
822,2,3,57091.0,0,0,7.0,0,1,61
823,2,2,22419.0,0,0,9.0,74,0,59
824,2,4,87771.0,0,1,8.0,61,1,63
825,0,1,78353.0,0,1,9.0,51,0,63
826,2,2,93404.0,1,2,9.0,97,1,68
827,2,1,37859.0,1,2,9.0,75,0,60
828,4,5,80995.0,0,1,9.0,83,0,64
829,2,4,16529.0,1,0,8.0,23,0,38
830,4,1,55412.0,1,1,8.0,65,0,46
831,2,3,48789.0,0,0,9.0,94,0,30
832,4,4,56575.0,0,2,9.0,42,0,55
833,0,4,25130.0,1,0,8.0,10,0,42
834,2,2,35441.0,1,1,9.0,94,0,55
835,2,2,71391.0,0,1,9.0,50,0,66
836,3,3,49494.0,1,0,9.0,46,0,50
837,2,1,81702.0,0,0,9.0,98,0,42
838,0,3,45889.0,0,1,8.0,42,0,42
839,2,3,56628.0,0,1,8.0,30,1,45
840,2,4,34026.0,1,1,8.0,11,0,72
841,2,2,40049.0,0,1,9.0,61,0,48
842,2,3,34176.0,1,0,8.0,12,0,34
843,2,2,19419.0,1,0,9.0,76,0,41
844,0,2,82504.0,0,0,8.0,2,0,62
845,2,4,81205.0,0,0,8.0,43,1,52
846,0,3,61618.0,0,0,9.0,27,0,31
847,3,3,55284.0,0,1,9.0,60,0,66
848,2,3,49980.0,0,1,8.0,79,0,59
849,2,2,15072.0,2,0,9.0,96,0,42
850,2,3,49166.0,0,1,8.0,17,0,48
851,4,2,65324.0,0,1,8.0,0,0,68
852,0,2,82347.0,0,0,9.0,38,1,65
853,4,4,30843.0,1,1,7.0,43,1,56
854,4,2,46374.0,0,1,8.0,1,1,48
855,2,3,60474.0,0,1,9.0,25,0,43
856,3,2,38576.0,0,1,8.0,2,0,49
857,2,2,55357.0,2,0,9.0,66,0,37
858,2,4,37758.0,1,1,9.0,49,0,56
859,0,2,85710.0,0,0,9.0,5,1,33
860,2,4,23228.0,1,0,8.0,71,0,53
861,3,4,44602.0,1,1,8.0,35,0,53
862,2,2,7500.0,0,0,9.0,94,0,35
863,0,4,38683.0,1,0,9.0,80,0,33
864,0,3,49514.0,1,0,8.0,61,0,47
865,4,4,57906.0,0,1,8.0,29,0,49
866,3,3,43456.0,0,1,9.0,0,0,56
867,3,3,19485.0,2,0,8.0,80,0,36
868,2,4,53172.0,0,1,9.0,54,0,44
869,2,4,30545.0,1,0,9.0,71,0,43
870,4,4,70123.0,0,0,8.0,27,1,39
871,2,3,62450.0,0,1,8.0,61,1,63
872,2,4,21675.0,1,0,7.0,55,0,46
873,0,3,42395.0,1,1,8.0,35,0,41
874,3,4,61346.0,1,0,8.0,34,0,44
875,2,4,80812.0,0,0,8.0,95,1,69
876,3,1,42835.0,1,1,8.0,64,0,51
877,2,2,39922.0,1,0,9.0,30,0,39
878,3,3,86424.0,0,0,8.0,12,0,66
879,0,4,17117.0,1,0,9.0,96,0,44
880,2,3,24762.0,1,0,8.0,16,1,50
881,2,2,35797.0,0,1,9.0,16,0,47
882,2,1,36627.0,2,0,8.0,78,0,47
883,0,2,51111.0,1,1,7.0,83,0,41
884,4,3,86857.0,0,0,9.0,96,1,50
885,4,4,82072.0,0,0,8.0,67,0,52
886,4,3,46231.0,2,1,9.0,87,0,69
887,2,2,42243.0,1,1,8.0,34,0,63
888,2,4,51195.0,1,1,9.0,46,0,60
889,3,3,68092.0,0,0,8.0,7,0,44
890,2,2,31814.0,1,0,9.0,73,1,49
891,3,5,51390.0,1,1,9.0,54,0,57
892,2,2,76630.0,0,0,8.0,93,0,39
893,1,3,26868.0,1,0,8.0,52,0,31
894,4,1,48948.0,0,0,9.0,53,1,79
895,4,3,55260.0,0,1,9.0,81,0,50
896,2,4,64090.0,0,1,8.0,8,1,66
897,2,1,78331.0,0,1,8.0,97,0,64
898,4,2,37087.0,1,0,8.0,50,0,48
899,2,1,21846.0,1,0,8.0,38,0,36
900,2,2,81320.0,0,0,9.0,61,0,64
901,2,1,54137.0,0,1,8.0,46,0,52
902,2,4,66825.0,0,0,8.0,73,0,55
903,2,4,57100.0,0,0,8.0,19,0,49
904,2,4,58917.0,1,2,9.0,10,0,53
905,2,3,85072.0,0,0,8.0,94,0,45
906,2,3,86429.0,0,0,8.0,10,1,61
907,2,5,45684.0,1,0,8.0,37,0,51
908,2,4,47889.0,1,0,8.0,94,0,48
909,4,2,45921.0,0,0,8.0,23,0,36
910,4,3,78420.0,0,0,8.0,75,0,56
911,2,4,75114.0,0,0,8.0,40,0,30
912,4,5,52278.0,0,1,9.0,24,1,59
913,3,2,35641.0,1,0,8.0,11,1,50
914,2,3,95529.0,0,0,9.0,29,1,28
915,2,2,62820.0,0,0,9.0,51,0,68
916,3,4,73113.0,0,0,8.0,86,0,62
917,4,2,84169.0,0,0,8.0,9,1,40
918,0,3,42607.0,0,1,8.0,30,0,68
919,4,3,74637.0,0,0,9.0,73,1,68
920,4,4,46015.0,1,1,8.0,25,1,67
921,2,3,72354.0,0,0,9.0,67,0,29
922,3,3,39858.0,1,0,9.0,67,1,53
923,4,2,34469.0,1,1,8.0,58,0,74
924,2,4,83033.0,1,0,8.0,82,1,36
925,3,4,24401.0,0,0,9.0,98,0,43
926,2,2,77583.0,0,0,8.0,93,1,44
927,0,3,74116.0,0,0,8.0,53,1,40
928,2,3,74293.0,0,0,8.0,66,0,29
929,4,2,68397.0,0,1,8.0,6,0,46
930,4,4,79632.0,0,0,8.0,42,0,48
931,2,3,46107.0,1,0,8.0,78,0,33
932,4,3,64950.0,0,1,9.0,29,1,71
933,1,2,25443.0,1,0,9.0,82,0,33
934,2,3,75127.0,0,0,7.0,92,0,70
935,4,4,32892.0,1,0,7.0,78,0,51
936,2,4,71796.0,0,0,8.0,54,0,51
937,4,2,67536.0,0,1,8.0,45,1,52
938,2,3,55239.0,0,1,8.0,59,0,51
939,4,1,60554.0,1,0,8.0,8,0,47
940,0,3,64831.0,1,1,8.0,51,0,70
941,4,4,56067.0,0,1,8.0,51,0,60
942,2,1,82025.0,0,0,8.0,76,1,39
943,2,4,94384.0,0,0,9.0,62,1,69
944,1,3,14906.0,0,0,9.0,86,0,36
945,4,2,51563.0,0,0,9.0,60,1,35
946,0,2,57937.0,0,1,8.0,56,0,40
947,2,1,68274.0,1,1,8.0,83,0,43
948,2,4,39771.0,1,0,8.0,92,0,45
949,0,1,67893.0,0,1,9.0,31,0,47
950,4,4,27922.0,1,0,8.0,80,0,43
951,4,4,52190.0,1,1,8.0,39,1,46
952,3,1,44051.0,1,1,9.0,20,1,49
953,4,3,42767.0,2,0,9.0,53,0,51
954,3,4,46106.0,1,1,8.0,84,0,46
955,4,2,16927.0,1,1,9.0,50,0,46
956,2,2,59754.0,0,1,9.0,96,1,57
957,2,3,53700.0,0,1,9.0,94,0,70
958,2,2,59041.0,1,1,8.0,25,0,49
959,4,1,54237.0,0,1,9.0,48,0,65
960,2,1,70647.0,0,1,9.0,65,0,55
961,4,3,52597.0,0,1,8.0,69,0,60
962,3,4,41021.0,1,0,9.0,12,1,53
963,4,2,40233.0,0,1,8.0,84,0,47
964,2,2,50183.0,1,1,7.0,47,0,42
965,2,4,54753.0,0,1,8.0,87,0,63
966,2,2,92955.0,0,0,8.0,35,1,49
967,2,2,33471.0,1,0,9.0,47,0,49
968,4,2,34596.0,1,0,9.0,48,1,48
969,2,4,44010.0,1,0,9.0,46,0,42
970,2,2,84219.0,0,0,8.0,27,0,34
971,4,4,40706.0,2,1,9.0,37,0,54
972,0,2,15716.0,1,0,9.0,8,0,34
973,0,1,59052.0,0,1,8.0,29,0,63
974,3,4,80573.0,0,0,9.0,85,0,51
975,2,2,83715.0,0,0,8.0,2,0,60
976,3,4,82576.0,0,0,9.0,66,1,63
977,3,2,56962.0,2,1,8.0,60,0,57
978,2,2,35704.0,1,1,8.0,54,0,70
979,2,4,53103.0,0,1,8.0,70,1,68
980,0,5,46779.0,1,1,8.0,55,0,62
981,2,1,4861.0,0,0,7.0,20,0,57
982,3,1,33462.0,1,0,8.0,78,0,43
983,2,1,63693.0,0,1,8.0,63,0,44
984,2,2,80763.0,0,0,8.0,17,1,72
985,4,2,65352.0,0,1,8.0,43,0,48
986,4,2,82170.0,0,0,8.0,13,0,44
987,2,2,75759.0,0,0,8.0,46,1,53
988,0,3,79689.0,0,0,9.0,65,0,46
989,4,5,35340.0,1,1,7.0,1,0,66
990,2,1,85683.0,0,0,8.0,6,1,68
991,0,2,24884.0,1,0,9.0,32,0,50
992,3,4,42021.0,1,0,9.0,34,1,41
993,2,3,64449.0,1,0,8.0,70,0,33
994,2,1,64587.0,1,1,7.0,49,0,68
995,2,3,34824.0,0,0,8.0,65,0,27
996,2,4,75437.0,0,0,8.0,25,1,44
997,2,4,26091.0,1,1,8.0,84,0,65
998,2,2,52845.0,1,0,8.0,7,1,49
999,2,1,46086.0,0,1,8.0,34,0,66
1000,4,5,78028.0,0,1,9.0,38,1,66
1001,4,3,95169.0,0,0,8.0,1,1,35
1002,0,2,56337.0,1,1,9.0,25,1,41
1003,2,4,22434.0,1,0,9.0,25,0,35
1004,4,2,36930.0,0,1,9.0,50,0,68
1005,2,3,36130.0,0,1,9.0,46,1,68
1006,3,2,65569.0,0,1,9.0,96,0,69
1007,2,4,83844.0,0,0,9.0,57,1,70
1008,2,2,19514.0,1,1,8.0,47,1,54
1009,4,3,36736.0,1,1,9.0,52,0,59
1010,2,4,77568.0,0,1,9.0,30,1,43
1011,4,4,49187.0,0,1,8.0,63,0,46
1012,2,3,30168.0,1,0,9.0,51,0,44
1013,3,4,34053.0,0,1,9.0,14,0,54
1014,3,2,38196.0,1,1,8.0,20,0,51
1015,3,2,59412.0,0,0,8.0,56,0,71
1016,0,2,70924.0,0,0,8.0,41,1,57
1017,2,4,54165.0,0,0,8.0,72,0,53
1018,2,2,32300.0,1,0,9.0,1,0,49
1019,2,3,20180.0,0,0,9.0,27,0,46
1020,2,2,34961.0,1,0,7.0,77,0,49
1021,4,4,28440.0,1,0,8.0,87,0,48
1022,4,4,64504.0,1,2,9.0,81,1,69
1023,3,4,33564.0,0,1,7.0,51,0,56
1024,2,2,17345.0,1,0,9.0,79,0,44
1025,4,2,56320.0,0,1,9.0,11,0,55
1026,2,3,28647.0,1,0,8.0,54,1,44
1027,1,3,15038.0,1,0,9.0,93,0,35
1028,4,1,32173.0,0,1,8.0,0,0,64
1029,0,4,68316.0,0,1,9.0,54,0,58
1030,2,4,74538.0,0,0,8.0,21,1,51
1031,2,3,91700.0,0,0,9.0,58,1,51
1032,2,4,68695.0,0,0,7.0,3,0,53
1033,0,2,31056.0,1,0,9.0,99,0,45
1034,2,2,79593.0,0,0,8.0,70,1,49
1035,2,3,28071.0,0,0,9.0,65,0,42
1036,4,4,37334.0,1,1,8.0,44,0,64
1037,3,3,46423.0,1,1,8.0,6,0,50
1038,4,2,37126.0,1,0,8.0,9,1,51
1039,2,2,47703.0,0,1,8.0,95,0,69
1040,2,2,61180.0,0,1,8.0,70,1,63
1041,2,2,38998.0,1,1,9.0,92,0,68
1042,2,3,8028.0,0,0,9.0,62,0,31
1043,2,4,76081.0,0,0,7.0,85,1,60
1044,2,4,34728.0,1,0,8.0,2,1,36
1045,3,3,33168.0,0,1,9.0,0,0,57
1046,3,2,33585.0,0,1,8.0,91,0,56
1047,4,2,77037.0,0,1,8.0,3,0,62
1048,2,4,35196.0,1,0,9.0,68,1,38
1049,2,2,44529.0,0,1,8.0,98,1,56
1050,0,2,70924.0,0,0,8.0,41,1,57
1051,4,4,28764.0,1,1,7.0,16,1,56
1052,4,2,69098.0,0,0,9.0,82,0,73
1053,0,1,25959.0,1,1,9.0,1,1,52
1054,3,2,27100.0,1,0,9.0,64,0,39
1055,2,3,70596.0,0,0,9.0,68,0,37
1056,2,2,42557.0,0,1,9.0,98,0,48
1057,4,2,53312.0,0,0,8.0,32,0,71
1058,2,3,72228.0,0,0,9.0,87,0,70
1059,2,4,67605.0,0,0,9.0,84,0,35
1060,3,2,62845.0,1,1,9.0,3,1,73
1061,2,4,65196.0,0,2,8.0,34,1,64
1062,4,3,42000.0,0,0,9.0,23,1,35
1063,4,1,35860.0,1,1,8.0,37,1,49
1064,4,2,65526.0,0,1,8.0,22,0,58
1065,2,2,16860.0,1,1,9.0,19,0,61
1066,2,3,83528.0,0,0,8.0,7,1,30
1067,0,1,64176.0,0,1,9.0,52,0,57
1068,2,1,22304.0,0,0,9.0,91,0,66
1069,2,2,67023.0,0,0,8.0,93,0,44
1070,4,4,32892.0,1,0,7.0,78,0,51
1071,2,4,70713.0,0,1,9.0,23,0,56
1072,2,4,59925.0,0,1,9.0,83,0,67
1073,2,2,39722.0,0,1,8.0,92,0,69
1074,2,4,46610.0,0,0,8.0,4,0,64
1075,2,4,88347.0,0,0,8.0,32,1,61
1076,4,2,87171.0,0,0,9.0,27,1,41
1077,0,4,26907.0,1,1,8.0,10,0,46
1078,3,3,50014.0,1,0,8.0,9,0,54
1079,4,2,41014.0,1,0,9.0,65,0,44
1080,2,3,66294.0,0,0,8.0,68,0,57
1081,2,2,36715.0,1,0,9.0,16,1,51
1082,2,2,79456.0,0,0,9.0,12,1,66
1083,2,4,40479.0,1,0,8.0,95,0,40
1084,3,3,75345.0,0,0,9.0,16,1,52
1085,2,2,54233.0,0,1,9.0,46,0,45
1086,2,3,24163.0,1,1,8.0,3,0,52
1087,4,4,84460.0,0,0,9.0,80,1,64
1088,2,4,43776.0,1,0,8.0,77,0,39
1089,4,3,71691.0,0,0,8.0,0,1,64
1090,4,2,85844.0,0,0,7.0,62,1,49
1091,4,3,39190.0,1,0,8.0,91,0,48
1092,2,4,71367.0,0,0,8.0,24,0,63
1093,4,3,38578.0,1,1,8.0,2,0,50
1094,4,2,57236.0,1,1,8.0,22,0,57
1095,2,3,61825.0,0,1,8.0,56,0,43
1096,2,1,79803.0,0,1,7.0,54,0,64
1097,0,3,80910.0,0,0,9.0,71,0,36
1098,3,4,27590.0,1,0,9.0,38,0,40
1099,2,2,56775.0,0,1,9.0,62,0,43
1100,2,1,83829.0,0,0,8.0,78,1,47
1101,0,2,54210.0,0,1,9.0,18,0,43
1102,2,2,38508.0,1,0,8.0,95,0,36
1103,2,4,53187.0,1,0,8.0,66,0,52
1104,2,2,30023.0,1,0,8.0,28,0,50
1105,4,3,76045.0,0,0,8.0,78,1,62
1106,4,2,50870.0,0,1,7.0,13,0,70
1107,0,2,15315.0,0,0,8.0,27,0,52
1108,0,2,65463.0,1,0,8.0,17,1,48
1109,2,2,66480.0,1,1,7.0,71,0,57
1110,2,1,76773.0,0,0,9.0,79,0,68
1111,0,3,81698.0,0,0,9.0,1,1,39
1112,4,3,54466.0,1,1,8.0,78,0,49
1113,3,3,98777.0,0,0,8.0,23,1,62
1114,4,3,16269.0,1,0,8.0,75,0,38
1115,2,4,71819.0,0,1,8.0,70,1,51
1116,4,2,33569.0,1,0,8.0,10,1,39
1117,3,2,36262.0,0,0,8.0,24,1,39
1118,1,4,22634.0,0,0,9.0,47,0,56
1119,0,2,47025.0,0,1,8.0,98,0,44
1120,2,3,70566.0,0,1,8.0,4,0,54
1121,4,2,31605.0,1,0,9.0,15,0,43
1122,3,1,52034.0,1,1,9.0,67,0,49
1123,2,3,48526.0,1,0,8.0,32,0,43
1124,2,2,46734.0,0,1,9.0,40,0,68
1125,2,1,39552.0,1,1,9.0,54,1,60
1126,2,3,86358.0,1,1,9.0,78,0,56
1127,2,4,46931.0,2,1,8.0,94,0,45
1128,1,3,16581.0,0,0,9.0,51,0,37
1129,0,1,63998.0,0,0,8.0,42,1,70
1130,3,2,67381.0,0,1,9.0,67,1,71
1131,2,3,25930.0,1,1,8.0,87,0,55
1132,2,2,42693.0,1,0,7.0,29,0,44
1133,2,4,85606.0,0,1,9.0,89,1,46
1134,2,3,72903.0,0,0,8.0,74,1,37
1135,0,4,49669.0,1,0,7.0,97,0,48
1136,4,2,36778.0,1,1,9.0,63,0,54
1137,4,1,85696.0,0,0,9.0,88,1,60
1138,3,1,10979.0,0,0,7.0,34,0,33
1139,2,2,49678.0,0,1,9.0,81,0,61
1140,3,4,56129.0,0,1,8.0,65,0,69
1141,2,2,37155.0,1,0,9.0,51,0,33
1142,0,1,21282.0,1,0,8.0,76,0,44
1143,4,3,33419.0,0,1,8.0,76,0,60
1144,2,5,63285.0,0,0,8.0,84,0,77
1145,3,4,21255.0,1,0,8.0,56,0,48
1146,2,4,42162.0,1,0,8.0,31,1,41
1147,2,4,54450.0,1,1,9.0,0,0,66
1148,4,2,57744.0,0,1,8.0,91,0,68
1149,2,3,26576.0,1,0,9.0,40,1,36
1150,4,5,57513.0,0,0,8.0,59,0,79
1151,2,4,68142.0,0,1,9.0,96,0,58
1152,2,2,7500.0,0,1,9.0,61,0,43
1153,2,4,83145.0,0,0,9.0,14,1,48
1154,3,2,54197.0,0,1,8.0,16,0,62
1155,4,3,23091.0,1,1,7.0,98,0,59
1156,2,2,46049.0,1,1,8.0,11,1,46
1157,2,4,56715.0,0,0,9.0,52,0,48
1158,2,2,79410.0,0,0,7.0,19,0,61
1159,2,2,57304.0,0,1,9.0,61,0,71
1160,2,2,44375.0,0,1,8.0,73,0,57
1161,2,4,54450.0,1,1,9.0,0,0,66
1162,2,2,59594.0,0,1,9.0,74,1,57
1163,2,4,80685.0,0,0,9.0,55,0,28
1164,4,2,40344.0,0,1,8.0,48,0,48
1165,2,2,62710.0,0,1,8.0,53,0,50
1166,0,2,48985.0,0,1,8.0,13,0,54
1167,2,4,35322.0,1,2,9.0,34,0,54
1168,2,2,77142.0,0,0,8.0,54,0,74
1169,2,3,81657.0,0,0,8.0,69,0,53
1170,1,2,14421.0,0,0,8.0,81,1,26
1171,0,2,20130.0,0,0,8.0,99,0,48
1172,4,2,74214.0,0,0,9.0,3,0,32
1173,3,2,66726.0,1,1,8.0,61,1,65
1174,1,4,23724.0,1,0,9.0,65,0,43
1175,3,2,47353.0,0,1,8.0,93,0,62
1176,3,2,33444.0,1,1,9.0,24,0,70
1177,2,2,54386.0,0,1,9.0,8,0,41
1178,2,1,28510.0,1,1,9.0,72,0,41
1179,3,3,90638.0,0,0,8.0,29,1,31
1180,2,4,48070.0,0,1,9.0,33,0,72
1181,2,2,43140.0,0,1,9.0,68,0,65
1182,4,1,54959.0,0,1,9.0,55,1,61
1183,1,3,15056.0,1,1,9.0,76,0,64
1184,2,3,26954.0,1,0,8.0,17,0,51
1185,2,3,22327.0,1,0,8.0,94,0,37
1186,2,2,44393.0,1,1,8.0,86,0,57
1187,4,3,62000.0,0,1,8.0,25,1,70
1188,4,4,31497.0,0,1,9.0,22,0,60
1189,0,2,45894.0,0,2,8.0,15,0,48
1190,3,1,78579.0,0,0,9.0,35,1,52
1191,3,5,67369.0,0,1,9.0,81,1,53
1192,2,1,58401.0,0,1,8.0,55,0,62
1193,2,3,62307.0,0,1,8.0,94,0,70
1194,3,2,43641.0,1,1,9.0,50,0,53
1195,3,1,63841.0,0,1,9.0,64,0,54
1196,0,2,46891.0,0,1,8.0,91,0,57
1197,3,2,70091.0,1,0,9.0,11,1,53
1198,4,2,78075.0,0,0,8.0,72,0,50
1199,0,5,59184.0,0,1,9.0,6,0,61
1200,2,2,54809.0,1,1,8.0,0,0,45
1201,2,2,58113.0,0,1,9.0,66,0,63
1202,3,2,51412.0,0,1,8.0,42,0,64
1203,2,1,15287.0,1,0,9.0,60,1,43
1204,3,4,66636.0,0,0,8.0,64,0,65
1205,3,2,50965.0,0,1,9.0,87,1,66
1206,4,2,84618.0,0,0,8.0,96,1,57
1207,2,2,18351.0,0,0,8.0,1,0,32
1208,4,4,40451.0,0,2,8.0,54,1,65
1209,2,4,36317.0,0,1,8.0,53,0,57
1210,2,4,42213.0,0,1,8.0,96,1,65
1211,2,4,65748.0,0,1,9.0,58,0,67
1212,2,4,77044.0,0,1,8.0,12,1,50
1213,2,4,74918.0,0,0,9.0,78,1,53
1214,2,2,56721.0,1,1,9.0,64,0,50
1215,2,3,42160.0,1,1,8.0,26,1,47
1216,2,3,61559.0,0,1,8.0,8,0,57
1217,4,4,33629.0,1,1,9.0,49,0,59
1218,4,4,68682.0,0,0,8.0,56,0,31
1219,2,3,34377.0,0,1,9.0,55,0,59
1220,1,3,8940.0,1,0,9.0,25,0,36
1221,2,2,26228.0,1,0,8.0,50,0,49
1222,0,1,77297.0,0,0,9.0,84,1,65
1223,2,2,40211.0,1,1,8.0,30,1,41
1224,4,5,33438.0,1,1,8.0,81,0,64
1225,4,2,75032.0,0,1,9.0,74,0,63
1226,4,3,61284.0,0,0,8.0,76,1,67
1227,2,2,22518.0,1,0,9.0,36,1,36
1228,3,2,54730.0,0,1,8.0,64,0,47
1229,3,2,38452.0,1,1,8.0,62,0,67
1230,2,1,44421.0,1,1,9.0,53,0,51
1231,4,4,38197.0,1,0,8.0,86,0,36
1232,2,1,41986.0,0,1,8.0,15,0,44
1233,2,4,28427.0,1,0,9.0,67,0,39
1234,4,4,37395.0,1,0,8.0,47,0,46
1235,2,2,64722.0,1,0,7.0,47,0,51
1236,3,4,55249.0,0,1,8.0,81,0,66
1237,2,4,84906.0,0,0,8.0,98,1,50
1238,2,2,28691.0,1,0,8.0,56,0,33
1239,2,3,44213.0,1,1,8.0,48,0,70
1240,1,3,25707.0,1,0,8.0,18,0,38
1241,4,2,59062.0,2,1,8.0,74,0,55
1242,2,3,76624.0,0,1,7.0,68,1,60
1243,3,4,66000.0,0,0,8.0,36,0,75
1244,4,4,27683.0,1,0,9.0,90,0,44
1245,2,1,1730.0,0,0,8.0,65,0,51
1246,1,3,7500.0,1,0,9.0,63,0,30
1247,2,4,40521.0,1,1,9.0,82,0,54
1248,4,4,20427.0,1,0,8.0,63,0,49
1249,2,2,65106.0,0,1,7.0,55,1,47
1250,4,2,69969.0,0,0,8.0,64,1,57
1251,2,2,67433.0,0,2,8.0,51,1,70
1252,4,2,77766.0,0,1,9.0,97,1,55
1253,2,2,74716.0,0,1,8.0,92,0,50
1254,2,1,68118.0,0,1,8.0,51,0,59
1255,4,2,55158.0,1,1,9.0,72,1,52
1256,0,2,62972.0,0,1,9.0,39,1,67
1257,2,2,74190.0,0,1,8.0,49,0,47
1258,2,2,39356.0,1,1,8.0,21,1,46
1259,2,4,76653.0,0,0,8.0,91,1,53
1260,4,1,35860.0,1,1,8.0,37,1,49
1261,4,1,90687.0,0,0,8.0,98,1,39
1262,3,4,73450.0,0,0,8.0,85,1,40
1263,2,2,31454.0,1,1,8.0,40,0,62
1264,2,3,47139.0,1,1,8.0,2,1,70
1265,2,1,83829.0,0,0,8.0,78,1,47
1266,4,2,53378.0,1,1,9.0,41,1,59
1267,2,4,19656.0,1,0,9.0,94,0,52
1268,4,2,45579.0,0,1,8.0,10,0,74
1269,0,3,85485.0,0,0,7.0,73,0,64
1270,2,2,55956.0,0,0,8.0,22,1,78
1271,3,3,64191.0,0,1,9.0,30,0,59
1272,2,3,38808.0,1,0,9.0,21,1,50
1273,3,2,57183.0,1,1,9.0,51,0,56
1274,3,1,23748.0,1,0,9.0,97,0,54
1275,2,2,66303.0,0,1,9.0,56,1,51
1276,3,2,37368.0,1,0,8.0,4,1,47
1277,2,2,40800.0,1,2,9.0,77,0,58
1278,2,1,71847.0,0,0,9.0,95,1,44
1279,2,2,46149.0,0,1,8.0,36,0,47
1280,2,4,78687.0,0,0,9.0,13,1,39
1281,0,1,49118.0,0,0,9.0,90,1,51
1282,4,2,37633.0,1,1,9.0,49,0,65
1283,3,4,39767.0,0,0,8.0,18,0,71
1284,1,2,26997.0,0,0,9.0,89,0,71
1285,2,1,33986.0,1,0,9.0,43,0,52
1286,4,2,57091.0,0,1,9.0,82,1,50
1287,0,2,46831.0,1,1,8.0,84,0,53
1288,3,2,83151.0,0,0,9.0,80,1,50
1289,2,2,52531.0,0,0,9.0,68,0,51
1290,2,2,15759.0,0,0,8.0,12,0,66
1291,2,3,22804.0,1,0,8.0,75,0,51
1292,0,2,43050.0,1,0,8.0,10,0,49
1293,4,3,42997.0,1,1,8.0,91,0,45
1294,4,3,48918.0,1,1,8.0,21,0,59
1295,3,4,60033.0,0,1,8.0,28,0,68
1296,4,4,34043.0,1,0,8.0,97,0,44
1297,2,4,57811.0,0,1,8.0,49,1,56
1298,2,2,78569.0,0,0,8.0,14,1,76
1299,2,3,7500.0,1,1,9.0,5,0,44
1301,2,4,94384.0,0,0,9.0,62,1,69
1302,0,2,23148.0,0,0,8.0,83,0,37
1303,2,1,44267.0,1,1,9.0,48,0,52
1304,2,2,71626.0,0,0,9.0,94,1,43
1305,2,4,60894.0,0,1,8.0,61,0,56
1306,2,4,50200.0,1,1,9.0,70,0,46
1307,4,2,81051.0,0,0,7.0,43,1,57
1308,2,2,65169.0,0,0,8.0,23,1,40
1309,2,4,59868.0,0,1,8.0,37,0,50
1310,4,2,65695.0,0,1,8.0,50,0,62
1311,3,3,64857.0,0,0,9.0,78,0,66
1312,3,4,45143.0,0,1,8.0,74,0,57
1313,0,4,74805.0,0,1,8.0,14,0,67
1314,0,2,59060.0,1,0,8.0,77,0,33
1315,4,3,27238.0,1,1,9.0,39,0,60
1316,2,4,47009.0,0,1,8.0,89,0,57
1317,0,2,46094.0,1,1,7.0,62,0,49
1318,2,2,40321.0,1,1,8.0,59,0,50
1319,2,4,37235.0,1,0,8.0,68,0,38
1320,3,2,81843.0,0,0,9.0,13,0,62
1321,3,4,46692.0,0,1,8.0,37,0,64
1322,2,4,77382.0,0,1,8.0,36,1,54
1323,2,3,37774.0,2,0,9.0,28,1,45
1324,1,2,18393.0,1,0,8.0,2,0,48
1325,3,2,72828.0,0,1,9.0,17,0,60
1326,2,2,24711.0,0,0,8.0,86,0,40
1327,4,2,45503.0,1,0,8.0,54,0,47
1328,3,3,6560.0,0,0,8.0,2,0,40
1329,4,4,71604.0,0,0,8.0,3,1,77
1330,2,2,27244.0,1,0,8.0,84,0,43
1331,2,2,48752.0,1,1,9.0,8,1,53
1332,2,2,71434.0,0,1,8.0,4,1,60
1333,2,3,90842.0,0,0,8.0,57,0,74
1334,3,2,88097.0,1,0,9.0,24,1,44
1335,2,2,51948.0,0,1,8.0,51,0,47
1336,2,4,71853.0,0,0,9.0,29,0,40
1337,3,2,35876.0,0,0,8.0,13,0,39
1338,2,5,40049.0,0,1,8.0,23,0,70
1339,2,3,39660.0,1,0,9.0,36,1,40
1340,2,4,50127.0,0,1,7.0,88,1,60
1341,3,2,43263.0,0,1,9.0,2,0,45
1342,3,2,62845.0,1,1,9.0,3,1,73
1343,2,2,18929.0,0,0,9.0,15,0,32
1344,1,3,24367.0,1,0,9.0,58,0,40
1345,2,3,33249.0,1,0,9.0,11,0,47
1346,0,2,26887.0,0,1,9.0,27,0,63
1347,4,2,50150.0,0,0,8.0,32,0,39
1348,2,4,62061.0,0,1,8.0,12,1,46
1349,4,1,85696.0,0,0,9.0,88,1,60
1350,4,4,76542.0,0,0,9.0,91,0,66
1351,2,3,70515.0,0,0,8.0,12,1,29
1352,2,4,18227.0,1,0,9.0,21,0,35
1353,2,2,69139.0,0,1,8.0,23,0,57
1354,2,2,69109.0,0,0,9.0,10,1,40
1355,2,3,69627.0,0,1,9.0,35,0,60
1356,2,2,38136.0,1,0,9.0,69,1,44
1357,4,3,62159.0,0,0,8.0,68,0,76
1358,2,3,80695.0,0,0,8.0,85,0,59
1359,3,3,33316.0,1,1,8.0,34,0,51
1360,2,4,58554.0,1,1,9.0,55,0,54
1361,1,2,17256.0,1,0,8.0,10,1,30
1362,2,1,53034.0,1,1,8.0,30,0,48
1363,0,4,52203.0,0,0,9.0,36,0,72
1364,0,1,59601.0,0,1,8.0,14,1,45
1365,3,3,75154.0,0,1,9.0,79,1,64
1366,2,3,47025.0,0,1,8.0,52,0,46
1367,2,2,37971.0,1,0,8.0,97,0,49
1368,3,1,41335.0,1,0,8.0,24,0,54
1369,2,2,67267.0,0,1,8.0,0,0,64
1370,2,3,57338.0,0,1,8.0,96,0,47
1371,0,4,50523.0,1,1,8.0,89,0,62
1372,3,3,35791.0,2,1,9.0,94,0,57
1373,4,1,50611.0,0,1,9.0,98,1,62
1374,4,2,56242.0,0,1,9.0,72,0,53
1375,2,3,48904.0,0,1,9.0,1,0,62
1376,2,3,56243.0,1,2,8.0,26,0,47
1377,2,2,21355.0,1,0,8.0,5,1,37
1378,3,4,57420.0,0,1,8.0,22,1,51
1380,3,1,46390.0,0,1,8.0,56,0,67
1381,0,4,54342.0,1,1,8.0,74,0,66
1384,2,2,20895.0,1,0,9.0,24,0,49
1385,2,2,92344.0,0,0,8.0,9,1,74
1387,0,4,26907.0,1,1,8.0,10,0,46
1388,2,4,44964.0,1,1,9.0,35,0,42
1389,2,4,75507.0,0,0,8.0,56,0,43
1390,3,2,53761.0,1,1,8.0,7,0,50
1391,2,4,22682.0,1,0,8.0,51,0,49
1392,4,4,38887.0,1,0,8.0,17,0,50
1393,0,3,41658.0,1,1,9.0,30,0,47
1394,4,2,29791.0,1,0,8.0,21,0,50
1395,3,2,63915.0,0,2,8.0,2,0,66
1396,2,1,39996.0,1,1,7.0,85,0,48
1397,2,1,26759.0,1,0,8.0,65,0,50
1398,3,1,63841.0,0,1,9.0,64,0,54
1399,4,2,51039.0,1,1,9.0,11,0,53
1400,2,2,60544.0,1,1,9.0,92,0,61
1401,2,2,65685.0,0,1,8.0,54,0,50
1402,2,2,37716.0,0,1,8.0,4,0,69
1403,2,3,36864.0,0,1,9.0,53,1,65
1404,3,2,44511.0,1,0,9.0,39,0,52
1405,4,2,36947.0,1,1,9.0,49,0,55
1406,3,4,47352.0,0,1,9.0,70,0,71
1407,3,2,67087.0,0,1,8.0,40,0,69
1408,2,2,57045.0,0,1,9.0,40,0,72
1409,4,1,36957.0,1,1,9.0,43,1,69
1410,4,2,69389.0,0,1,9.0,17,0,45
1411,2,2,80134.0,1,0,9.0,40,1,50
1412,3,2,43142.0,1,1,8.0,84,0,53
1413,2,2,80589.0,0,0,8.0,25,1,78
1414,2,3,34412.0,1,0,9.0,62,0,32
1415,2,3,57537.0,1,0,8.0,83,0,43
1416,1,4,22634.0,0,0,9.0,47,0,56
1417,2,4,51315.0,0,0,8.0,45,0,74
1418,2,2,36026.0,2,1,8.0,34,0,50
1419,2,2,24639.0,1,1,8.0,3,0,49
1420,4,4,34578.0,2,1,8.0,1,0,50
1421,0,3,65704.0,0,0,8.0,18,0,50
1422,2,3,63810.0,0,1,9.0,45,1,56
1423,4,4,54132.0,0,1,8.0,81,0,53
1424,2,2,18690.0,0,0,9.0,77,0,63
1425,2,2,28164.0,1,0,9.0,23,0,52
1426,4,2,34596.0,1,0,9.0,48,0,48
1427,4,2,43269.0,1,0,8.0,61,0,50
1428,0,3,38741.0,1,1,8.0,60,0,64
1429,2,3,31907.0,0,0,9.0,75,0,50
1430,3,2,27100.0,1,0,9.0,64,0,39
1431,0,1,31163.0,1,0,8.0,54,0,49
1432,2,2,92533.0,0,0,8.0,84,1,37
1433,2,3,34853.0,1,1,8.0,75,0,49
1434,2,1,70844.0,1,1,8.0,16,0,55
1435,0,2,31086.0,1,1,9.0,79,1,43
1436,2,2,60544.0,1,1,9.0,92,0,61
1437,0,4,20491.0,0,0,9.0,16,0,36
1438,2,2,42523.0,0,0,8.0,96,0,58
1439,2,2,39922.0,1,0,9.0,30,0,39
1440,2,4,33402.0,1,1,8.0,60,0,70
1441,3,2,36408.0,1,1,8.0,11,0,73
1442,2,4,21645.0,1,0,9.0,75,1,43
1443,3,5,78427.0,0,0,9.0,36,1,74
1444,2,4,82657.0,0,0,8.0,71,1,76
1445,2,2,51876.0,0,0,8.0,88,0,64
1446,0,2,78041.0,0,0,9.0,93,0,51
1447,2,2,52852.0,0,1,9.0,93,1,65
1448,4,4,70038.0,0,0,8.0,54,0,40
1449,0,4,69401.0,0,1,8.0,41,0,49
1450,2,4,46053.0,1,0,9.0,46,0,50
1451,2,2,77343.0,0,0,7.0,28,0,57
1452,2,3,73892.0,0,0,8.0,40,1,69
1453,4,3,40304.0,1,0,8.0,82,0,55
1454,4,4,32727.0,0,0,9.0,38,0,57
1455,2,4,68695.0,0,0,7.0,3,0,53
1456,2,1,43300.0,0,1,9.0,87,1,51
1457,2,4,26290.0,1,1,9.0,49,0,50
1458,2,3,93790.0,0,0,8.0,16,1,52
1459,4,2,38410.0,0,0,9.0,65,1,48
1460,3,5,64866.0,0,1,8.0,9,1,72
1461,2,4,57957.0,0,1,8.0,24,0,63
1462,4,4,46015.0,1,1,8.0,25,1,67
1463,2,4,16531.0,1,0,7.0,43,0,44
1464,3,2,28072.0,1,0,8.0,10,0,36
1465,3,1,49476.0,0,1,8.0,29,0,59
1466,2,2,50725.0,0,1,9.0,45,0,69
1467,2,4,83844.0,0,0,9.0,57,1,70
1468,4,2,41145.0,1,1,8.0,20,0,72
1469,2,4,67419.0,0,1,9.0,29,0,52
1470,0,2,23162.0,1,1,8.0,82,0,52
1471,2,2,34380.0,1,0,9.0,68,0,45
1472,2,3,34704.0,0,1,9.0,65,0,56
1473,4,2,94871.0,0,2,9.0,99,1,53
1474,2,2,65148.0,0,1,9.0,9,0,64
1475,2,4,39898.0,0,1,9.0,20,0,68
1476,3,3,64857.0,0,0,9.0,78,0,66
1477,4,2,59892.0,0,1,8.0,26,0,52
1478,3,3,41020.0,0,0,8.0,68,0,35
1479,4,2,57072.0,0,1,8.0,79,1,61
1480,2,3,60474.0,0,1,9.0,25,0,43
1481,2,4,62807.0,0,1,9.0,83,0,62
1482,0,4,19414.0,1,0,8.0,32,0,41
1483,2,2,19107.0,1,0,8.0,49,0,42
1484,0,4,75484.0,0,1,9.0,50,0,46
1485,3,3,70379.0,0,1,9.0,84,0,46
1486,3,4,79419.0,0,0,7.0,96,0,52
1487,4,4,64014.0,2,1,7.0,56,1,76
1488,2,2,76998.0,0,1,9.0,85,1,67
1489,3,4,49854.0,1,0,8.0,63,0,50
1490,4,2,60585.0,1,1,8.0,17,1,51
1491,4,1,42873.0,1,1,9.0,11,0,72
1492,2,4,87679.0,0,0,8.0,62,1,34
1493,2,4,57867.0,1,0,8.0,48,0,44
1494,2,2,35765.0,1,0,8.0,86,0,32
1495,2,2,65492.0,0,0,8.0,73,0,63
1496,2,1,32952.0,1,0,8.0,36,0,45
1497,4,4,53374.0,0,1,9.0,34,1,53
1498,2,4,71706.0,0,1,9.0,16,0,63
1499,2,2,68487.0,0,0,9.0,48,0,34
1500,3,4,53253.0,1,1,9.0,61,0,47
1501,0,1,31163.0,1,0,8.0,54,0,49
1502,2,2,42014.0,1,0,9.0,56,1,45
1503,3,2,54108.0,1,1,9.0,74,0,49
1504,4,3,49667.0,0,0,9.0,35,1,67
1505,3,2,63206.0,0,0,8.0,65,1,48
1506,3,2,57136.0,1,1,8.0,48,0,50
1507,0,4,46772.0,0,1,9.0,88,1,47
1508,4,2,78931.0,0,0,8.0,19,0,51
1509,2,4,53977.0,0,1,8.0,21,0,64
1510,2,2,84219.0,0,0,8.0,27,0,34
1511,3,3,46098.0,1,1,9.0,86,0,47
1512,2,2,73538.0,0,1,9.0,92,0,57
1513,2,2,79529.0,0,0,8.0,1,0,36
1514,0,4,20981.0,0,0,9.0,14,1,45
1515,2,3,51766.0,1,0,8.0,74,0,42
1516,2,2,55759.0,0,1,9.0,84,0,60
1517,2,2,33039.0,1,0,8.0,4,0,44
1518,3,2,37787.0,1,0,8.0,50,0,50
1519,2,3,27242.0,1,0,9.0,2,1,52
1520,4,3,87188.0,0,0,8.0,73,1,39
1521,2,4,69930.0,0,0,8.0,21,0,51
1522,2,3,37697.0,1,0,8.0,82,0,46
1523,4,2,37401.0,1,0,8.0,14,0,49
1524,2,3,3502.0,1,0,9.0,56,0,49
1525,2,2,58597.0,1,1,9.0,20,0,46
1526,4,5,82032.0,0,0,8.0,54,0,74
1527,2,4,28087.0,1,1,9.0,77,0,64
1528,4,3,74004.0,0,0,8.0,5,1,35
1529,2,4,19740.0,0,1,9.0,65,0,62
1530,0,2,57036.0,0,1,9.0,33,1,47
1531,0,4,53083.0,1,1,9.0,65,1,64
1532,4,2,69283.0,0,1,7.0,41,0,47
1533,3,3,46098.0,1,1,9.0,86,1,47
1534,0,2,23331.0,1,0,9.0,92,0,34
1535,0,3,23331.0,1,0,9.0,97,0,34
1536,2,3,9255.0,1,0,8.0,91,0,33
1537,4,5,67786.0,0,0,8.0,0,1,63
1538,4,2,71969.0,0,1,9.0,59,1,51
1539,3,3,59235.0,1,0,9.0,4,0,55
1540,2,4,31928.0,1,0,8.0,5,0,33
1541,3,4,74881.0,1,1,9.0,48,0,61
1542,2,2,65819.0,0,0,9.0,99,0,44
1543,4,3,51411.0,1,2,8.0,81,0,69
1544,2,1,51983.0,0,1,9.0,95,0,58
1545,3,4,42386.0,1,0,9.0,43,0,36
1546,0,2,30390.0,0,0,8.0,5,0,35
1547,2,3,30983.0,0,0,9.0,50,1,59
1548,2,5,66033.0,0,1,9.0,76,0,65
1549,0,2,37284.0,1,1,9.0,46,0,47
1550,3,1,57530.0,0,1,8.0,68,0,71
1551,0,2,76800.0,0,0,8.0,33,0,57
1552,2,2,63943.0,0,1,9.0,50,0,66
1553,2,4,76081.0,0,0,7.0,85,1,60
1554,2,2,67445.0,0,1,9.0,63,0,48
1555,3,2,37054.0,1,1,8.0,89,0,55
1556,3,4,47175.0,1,1,9.0,81,1,60
1557,2,1,31859.0,1,0,8.0,77,0,46
1558,2,1,27215.0,2,1,9.0,50,0,61
1559,4,1,70179.0,0,1,8.0,10,0,46
1560,2,2,39922.0,1,0,9.0,30,0,39
1561,3,2,49681.0,0,2,8.0,66,0,46
1562,2,2,24645.0,1,0,9.0,16,0,34
1563,2,1,79865.0,0,1,7.0,12,0,68
1564,2,2,44322.0,1,0,7.0,30,0,37
1565,2,3,47958.0,0,1,9.0,8,0,70
1566,3,3,63972.0,0,1,9.0,93,1,58
1567,2,4,75315.0,0,1,8.0,14,0,68
1568,4,2,55517.0,1,1,9.0,53,1,72
1569,4,2,75283.0,1,2,9.0,26,0,65
1570,4,3,82800.0,0,0,9.0,23,1,76
1571,2,2,38998.0,1,1,9.0,92,0,68
1572,3,3,90638.0,0,0,8.0,29,1,31
1573,3,2,27161.0,1,0,8.0,41,0,36
1574,2,2,42014.0,1,0,9.0,56,1,45
1575,4,4,38201.0,0,1,9.0,19,0,62
1576,2,4,45203.0,2,0,8.0,4,1,40
1577,4,4,81574.0,0,0,8.0,89,1,75
1578,2,2,34935.0,0,0,8.0,71,0,30
1579,3,3,60482.0,0,1,9.0,81,0,46
1580,2,4,34633.0,2,1,8.0,31,0,66
1581,3,4,78093.0,0,0,8.0,53,0,75
1582,2,1,82460.0,0,0,8.0,78,0,72
1583,3,4,45903.0,0,1,8.0,80,0,56
1584,2,1,81361.0,0,0,8.0,18,1,35
1585,4,1,35860.0,1,1,8.0,37,1,49
1586,3,4,40442.0,1,1,9.0,52,1,70
1587,2,2,61482.0,0,0,7.0,39,0,57
1588,2,2,34968.0,1,0,9.0,11,0,42
1589,2,2,75794.0,0,0,8.0,33,1,35
1590,4,4,31497.0,0,1,9.0,22,0,60
1591,2,2,74268.0,0,0,9.0,83,0,67
1592,1,4,13724.0,1,0,9.0,43,1,34
1593,3,4,45143.0,0,1,8.0,74,0,57
1594,4,3,52569.0,0,1,8.0,54,0,55
1595,4,3,48432.0,0,1,9.0,3,1,49
1596,3,4,17144.0,1,1,8.0,96,0,62
1597,2,3,36108.0,1,0,8.0,68,1,38
1598,2,2,76445.0,1,0,9.0,2,0,51
1599,4,2,36663.0,1,0,8.0,40,0,47
1600,3,2,53843.0,0,1,8.0,64,0,57
1601,3,2,90226.0,0,0,9.0,26,1,66
1602,3,1,70638.0,0,0,8.0,69,1,67
1603,2,4,44512.0,1,1,8.0,57,0,62
1604,2,2,27116.0,1,1,8.0,78,0,61
1605,4,2,54072.0,1,1,8.0,71,0,59
1606,2,2,71855.0,0,1,9.0,59,0,45
1607,0,3,51250.0,1,0,9.0,28,1,32
1608,3,2,60432.0,0,1,8.0,61,0,49
1609,4,2,65526.0,0,1,8.0,22,0,58
1610,2,3,68655.0,0,0,9.0,95,0,34
1611,0,2,12393.0,0,0,9.0,38,0,44
1612,2,3,64509.0,0,0,8.0,19,1,32
1613,2,3,33955.0,1,0,8.0,92,0,47
1614,2,2,31353.0,1,1,8.0,24,1,45
1615,2,2,55434.0,1,0,8.0,21,0,38
1616,2,4,28359.0,1,0,8.0,35,0,39
1617,2,3,57100.0,1,0,8.0,9,0,35
1618,2,2,69139.0,0,1,8.0,23,0,57
1619,3,2,52973.0,0,1,9.0,92,0,66
1620,4,4,51717.0,0,1,8.0,55,1,57
1621,2,2,18793.0,1,0,9.0,14,0,51
1622,0,4,66664.0,0,0,9.0,78,0,40
1623,2,3,50664.0,1,1,9.0,64,0,63
1624,2,4,54414.0,1,1,9.0,49,0,59
1625,4,2,54549.0,0,1,8.0,8,0,70
1626,4,5,47111.0,0,1,9.0,35,0,51
1627,4,1,41003.0,0,0,9.0,11,0,59
1628,2,4,19444.0,1,0,8.0,8,1,40
1629,0,4,36301.0,1,0,8.0,53,0,46
1630,4,4,73059.0,0,1,8.0,36,0,75
1631,4,4,42731.0,1,0,8.0,64,0,53
1632,4,2,52854.0,1,1,8.0,43,0,63
1633,2,4,22775.0,1,0,8.0,40,0,44
1634,4,4,46681.0,0,2,8.0,52,0,74
1635,4,2,59821.0,0,1,9.0,11,0,67
1636,2,1,50002.0,0,1,8.0,21,0,68
1637,2,2,69755.0,0,0,8.0,23,0,77
1638,2,2,44078.0,1,1,7.0,17,0,53
1639,3,4,30560.0,1,0,8.0,6,0,46
1640,3,4,35924.0,1,1,8.0,56,0,53
1641,4,1,64140.0,0,2,8.0,71,1,58
1642,2,4,56386.0,1,1,9.0,51,0,41
1643,1,4,24594.0,1,0,8.0,94,0,43
1644,0,4,75774.0,1,0,8.0,27,0,41
1645,3,1,39228.0,0,0,9.0,1,0,62
1646,3,2,58494.0,0,1,8.0,56,0,48
1647,2,3,58684.0,0,0,7.0,71,1,41
1648,2,1,57136.0,0,0,9.0,18,1,55
1649,4,5,56551.0,1,1,8.0,48,0,72
1650,2,2,22448.0,1,0,8.0,86,0,40
1651,2,3,82014.0,0,0,9.0,48,1,61
1652,2,5,34213.0,1,1,9.0,2,1,59
1654,4,5,25358.0,0,1,8.0,57,0,75
1655,3,3,35544.0,1,0,8.0,77,0,44
1656,3,4,36634.0,0,1,8.0,0,0,68
1657,4,2,62670.0,0,1,8.0,57,0,68
1658,0,4,50334.0,0,1,8.0,24,0,50
1659,2,3,72066.0,0,0,7.0,55,1,41
1660,4,3,50729.0,1,1,9.0,62,0,64
1661,2,4,34916.0,2,0,9.0,89,0,54
1662,2,1,64892.0,0,1,7.0,77,0,46
1663,2,3,43602.0,1,1,8.0,45,0,56
1664,4,3,33996.0,0,0,8.0,46,0,33
1665,0,3,41473.0,1,0,8.0,80,0,37
1666,4,2,63246.0,0,2,8.0,60,0,55
1667,4,2,36732.0,1,1,8.0,71,0,63
1668,4,2,69084.0,1,0,8.0,43,0,52
1669,4,2,77766.0,0,1,9.0,97,1,55
1670,4,3,37929.0,0,0,8.0,49,1,37
1671,2,4,86610.0,0,0,8.0,66,0,71
1672,3,2,80141.0,0,0,9.0,20,1,36
1673,0,2,72635.0,0,0,8.0,54,1,67
1674,2,2,69016.0,0,1,9.0,61,0,52
1675,0,4,20193.0,0,0,9.0,18,0,31
1676,2,2,27573.0,1,0,9.0,45,0,47
1677,1,3,15862.0,1,0,8.0,26,0,43
1678,4,2,49544.0,1,0,9.0,0,0,46
1679,2,2,33228.0,1,0,8.0,28,0,42
1680,2,4,70440.0,0,0,8.0,49,1,44
1681,2,4,38232.0,1,1,8.0,84,0,51
1682,4,2,22554.0,1,1,9.0,38,0,67
1683,4,2,23536.0,1,0,7.0,53,0,39
1684,2,2,49413.0,0,1,8.0,88,0,70
1685,2,2,42231.0,1,1,8.0,99,0,53
1686,3,1,78789.0,0,0,9.0,12,1,42
1687,2,4,56534.0,0,1,8.0,35,1,54
1688,2,3,58350.0,0,1,9.0,5,0,51
1689,2,3,81217.0,0,0,8.0,77,0,33
1690,2,3,49090.0,0,1,8.0,45,0,71
1691,3,1,61787.0,0,0,8.0,71,0,35
1692,4,2,18169.0,1,0,9.0,40,0,37
1693,0,3,24336.0,1,0,9.0,82,0,41
1694,2,2,18222.0,0,0,9.0,70,0,32
1695,2,1,62335.0,0,1,8.0,87,0,70
1696,0,4,42033.0,1,1,9.0,95,0,51
1697,4,2,86580.0,0,0,9.0,72,1,39
1698,4,1,41437.0,1,1,9.0,5,0,65
1699,3,5,73705.0,0,2,8.0,86,0,71
1700,2,2,61064.0,0,1,9.0,80,0,46
1701,3,2,38452.0,1,1,8.0,62,0,67
1702,2,3,18358.0,1,0,8.0,49,0,33
1703,4,4,55012.0,0,1,8.0,85,0,49
1704,1,4,9722.0,1,0,9.0,7,1,49
1705,4,2,38175.0,1,0,8.0,6,0,38
1706,3,4,58656.0,0,1,9.0,25,1,66
1707,2,4,52117.0,0,1,9.0,55,0,57
1708,2,2,64813.0,1,0,8.0,81,0,44
1709,4,2,54222.0,0,1,8.0,98,0,49
1710,2,2,83512.0,0,0,7.0,31,1,36
1711,3,2,77520.0,0,1,8.0,30,1,63
1712,2,4,41154.0,0,1,9.0,98,0,44
1713,2,2,80398.0,0,0,9.0,92,1,56
1714,1,3,18746.0,1,0,7.0,41,0,30
1715,2,4,35196.0,1,0,9.0,68,0,38
1716,2,3,60230.0,0,1,9.0,78,0,66
1717,2,2,22108.0,1,1,8.0,46,0,45
1718,2,4,44392.0,1,1,8.0,71,0,48
1719,4,2,55424.0,0,1,9.0,6,1,46
1720,2,2,17688.0,1,0,9.0,82,0,43
1721,4,2,92491.0,0,0,9.0,71,1,39
1722,2,3,90273.0,0,0,8.0,32,1,31
1723,4,5,82571.0,0,0,8.0,28,1,60
1724,4,3,38513.0,1,0,8.0,20,1,40
1725,3,3,16653.0,1,0,8.0,10,1,43
1726,2,4,42586.0,1,1,9.0,7,1,67
1727,1,3,23529.0,0,1,9.0,67,0,57
1728,3,4,74881.0,1,1,9.0,48,0,61
1729,2,2,71107.0,0,1,9.0,61,0,71
1730,4,4,46910.0,1,1,8.0,36,0,58
1731,2,2,18690.0,0,0,9.0,77,0,63
1732,2,1,37244.0,1,1,9.0,90,1,67
1733,2,4,82427.0,0,0,8.0,35,1,56
1734,0,3,75342.0,0,1,9.0,38,0,64
1735,2,1,70044.0,0,1,9.0,46,0,68
1736,2,3,79146.0,1,1,8.0,33,0,55
1737,2,2,77437.0,0,0,8.0,70,1,59
1738,2,2,54984.0,0,1,7.0,51,1,63
1739,4,2,42403.0,1,0,8.0,18,0,51
1740,2,4,55761.0,0,1,8.0,97,1,58
1741,2,4,37292.0,1,0,9.0,32,0,39
1742,4,3,45576.0,0,0,7.0,9,1,77
1743,2,4,70321.0,0,0,9.0,6,1,75
1744,4,1,58086.0,0,1,9.0,80,0,53
1745,2,2,81795.0,0,0,9.0,74,0,70
1746,1,4,28389.0,0,0,9.0,49,0,75
1747,3,2,66835.0,0,0,8.0,21,0,76
1748,2,1,69901.0,0,1,8.0,95,0,53
1749,4,2,80360.0,0,0,9.0,56,1,73
1750,4,4,63342.0,0,1,9.0,48,1,61
1751,2,2,44989.0,0,1,9.0,26,0,48
1752,0,3,31859.0,1,0,8.0,3,0,42
1753,4,5,51569.0,0,1,9.0,39,1,73
1754,2,5,30372.0,1,1,9.0,33,0,51
1755,1,3,16014.0,1,1,9.0,42,0,43
1756,2,2,41120.0,1,1,8.0,80,0,54
1757,3,3,39763.0,1,0,8.0,9,1,51
1758,4,2,38725.0,1,1,8.0,52,0,67
1759,2,2,77981.0,1,0,8.0,78,0,50
1760,0,2,62905.0,0,1,8.0,68,0,58
1761,0,1,13533.0,1,0,9.0,45,0,43
1762,2,4,59481.0,0,1,8.0,47,0,47
1763,2,2,72117.0,0,1,8.0,34,0,45
1764,0,2,21955.0,1,0,8.0,81,0,36
1765,2,2,67131.0,0,1,9.0,72,0,66
1766,4,3,36802.0,1,0,7.0,23,0,42
1767,2,4,71853.0,0,0,9.0,29,0,40
1768,1,2,28249.0,0,0,7.0,80,0,61
1769,3,2,47808.0,0,1,8.0,30,1,47
1770,4,1,25509.0,1,0,9.0,15,1,48
1771,4,2,51012.0,0,0,9.0,86,0,76
1772,2,3,70596.0,0,0,9.0,68,0,37
1773,4,4,85431.0,0,0,8.0,54,0,70
1774,2,2,42664.0,0,1,8.0,44,0,55
1775,2,4,42586.0,1,1,9.0,7,1,67
1776,2,3,29760.0,1,0,9.0,87,0,37
1777,4,2,28973.0,0,0,9.0,59,0,45
1778,4,4,39435.0,1,0,8.0,16,0,49
1779,0,2,65370.0,0,0,8.0,1,0,38
1780,1,3,20194.0,1,0,9.0,64,0,43
1781,4,3,42473.0,1,1,8.0,72,0,46
1782,2,2,64590.0,0,0,9.0,98,0,54
1783,2,4,71232.0,0,1,8.0,91,0,63
1784,2,4,34600.0,1,1,9.0,8,1,51
1785,2,3,46904.0,1,1,9.0,20,0,55
1786,2,2,49094.0,0,1,9.0,6,0,49
1787,2,4,36075.0,1,0,8.0,54,0,39
1788,0,4,60839.0,1,1,9.0,72,0,43
1789,2,4,77298.0,0,1,8.0,46,0,43
1790,2,4,34026.0,1,1,8.0,11,0,72
1791,4,3,48918.0,1,1,8.0,21,0,59
1792,0,4,82122.0,0,0,8.0,89,1,60
1793,2,3,37697.0,1,0,8.0,82,0,46
1794,2,4,34074.0,1,1,8.0,69,1,70
1795,3,2,28520.0,1,1,8.0,55,0,62
1796,2,3,62535.0,0,1,8.0,13,0,67
1797,3,3,36273.0,1,0,8.0,80,0,45
1798,2,4,63404.0,0,2,7.0,97,1,58
1799,0,4,75774.0,1,0,8.0,27,0,41
1800,2,4,78416.0,0,1,7.0,99,0,46
1801,2,4,75702.0,0,1,9.0,87,1,48
1802,3,4,59385.0,1,1,9.0,85,0,71
1803,2,3,37070.0,1,1,9.0,30,1,56
1804,2,2,44689.0,1,1,8.0,82,1,71
1805,2,4,53977.0,0,1,8.0,21,0,64
1806,4,3,7144.0,0,2,8.0,92,0,56
1807,2,3,18701.0,1,1,8.0,95,0,58
1808,2,2,90369.0,0,0,8.0,2,1,66
1809,4,3,63159.0,0,0,9.0,74,1,48
1810,2,4,37758.0,1,1,9.0,49,0,56
1811,4,3,46757.0,0,1,9.0,71,0,59
1812,3,2,79734.0,0,0,7.0,72,1,53
1813,2,4,63207.0,0,0,9.0,68,1,30
1814,2,1,72071.0,0,1,9.0,4,0,68
1815,4,4,21840.0,1,0,8.0,80,0,39
1816,0,4,58582.0,0,1,8.0,15,1,40
1817,2,3,72282.0,0,0,8.0,70,1,71
1818,2,2,50387.0,0,2,8.0,91,0,66
1819,4,4,32583.0,1,1,7.0,10,0,61
1820,2,4,62568.0,0,1,8.0,99,1,60
1821,3,1,44635.0,1,1,8.0,25,0,51
1822,3,3,33316.0,1,1,8.0,34,0,51
1823,2,2,63967.0,0,1,8.0,57,0,54
1824,0,4,52513.0,0,0,9.0,84,0,44
1825,2,2,25293.0,1,0,8.0,51,0,53
1826,4,5,54111.0,0,1,8.0,97,0,57
1827,2,4,78394.0,0,0,9.0,13,1,36
1828,3,2,80739.0,0,0,8.0,92,0,64
1829,3,4,22669.0,1,0,8.0,30,1,47
1830,2,3,29236.0,1,0,8.0,30,0,35
1831,2,4,44911.0,0,1,9.0,11,0,63
1832,4,2,54693.0,0,1,9.0,72,0,60
1833,2,4,48186.0,1,0,8.0,39,0,48
1834,2,2,54809.0,1,1,8.0,0,1,45
1835,2,4,41580.0,1,1,9.0,15,0,44
1836,4,2,80336.0,0,0,8.0,12,0,52
1837,2,2,47743.0,0,1,9.0,56,1,65
1838,0,2,62972.0,0,1,9.0,39,0,67
1839,4,1,57333.0,0,1,9.0,55,1,68
1840,4,4,32313.0,1,0,9.0,60,0,40
1841,3,5,84953.0,0,0,8.0,73,1,69
1842,3,1,27071.0,1,0,8.0,90,0,54
1843,3,4,68148.0,0,0,8.0,86,0,65
1844,3,4,65735.0,1,1,8.0,37,0,57
1845,4,2,86836.0,0,0,9.0,7,1,47
1846,4,2,4023.0,1,1,7.0,29,0,59
1847,2,2,30093.0,0,0,8.0,19,0,32
1848,4,2,57705.0,0,1,8.0,14,0,56
1849,2,3,25008.0,1,0,8.0,72,0,34
1850,0,3,83257.0,0,0,9.0,56,1,27
1851,2,4,22280.0,1,0,9.0,85,0,47
1852,4,2,72159.0,0,0,9.0,62,0,44
1853,2,4,64260.0,0,0,9.0,1,1,61
1854,4,3,82733.0,0,0,8.0,28,1,38
1855,3,1,74290.0,0,1,8.0,70,1,51
1856,3,3,58217.0,2,1,9.0,84,0,71
1857,3,4,21024.0,0,0,8.0,89,0,46
1858,4,2,70116.0,0,0,9.0,73,0,50
1859,2,4,54006.0,1,0,9.0,42,0,37
1860,4,2,69063.0,0,1,9.0,16,0,56
1861,0,1,11448.0,0,0,8.0,16,0,47
1862,2,3,61825.0,0,1,8.0,56,0,43
1863,2,2,70886.0,1,0,8.0,65,0,51
1864,2,2,69109.0,0,0,9.0,10,1,40
1865,2,5,60208.0,1,1,9.0,13,1,49
1866,3,4,32889.0,1,1,8.0,78,0,54
1867,2,3,34738.0,1,0,8.0,51,0,38
1868,3,4,30538.0,1,0,9.0,27,0,51
1869,0,4,82326.0,0,0,8.0,30,1,45
1870,4,1,26642.0,1,0,8.0,71,0,55
1871,2,1,69932.0,0,1,8.0,97,0,58
1872,2,3,44503.0,1,1,8.0,83,0,50
1873,4,3,60200.0,0,1,9.0,3,0,74
1874,2,1,49638.0,0,1,8.0,71,0,70
1875,0,3,23830.0,0,0,8.0,3,0,35
1876,3,5,33051.0,0,0,9.0,15,1,63
1877,2,2,72905.0,0,0,8.0,52,1,64
1878,4,4,69702.0,0,1,9.0,8,0,71
1879,2,1,70300.0,1,0,8.0,89,0,47
1880,4,2,70643.0,0,0,9.0,66,1,38
1881,4,2,30396.0,1,0,8.0,22,1,53
1882,4,1,50616.0,0,1,8.0,56,0,54
1883,3,3,62772.0,0,1,9.0,74,1,53
1884,4,3,30298.0,0,0,8.0,48,0,37
1885,2,3,52413.0,1,0,9.0,67,0,38
1886,4,2,44155.0,1,1,8.0,24,0,65
1887,4,1,86979.0,0,0,8.0,67,1,51
1888,2,4,76532.0,1,1,8.0,38,0,47
1889,2,2,42081.0,1,0,9.0,86,1,40
1890,4,2,67546.0,0,0,9.0,90,0,34
1891,3,4,88420.0,0,0,8.0,87,1,33
1892,2,2,31158.0,1,0,9.0,62,0,37
1893,2,1,61671.0,0,1,7.0,23,1,54
1894,2,3,69719.0,0,0,7.0,99,0,48
1895,2,1,49160.0,0,1,8.0,29,0,73
1896,1,4,24882.0,1,0,9.0,52,1,44
1897,4,3,90933.0,0,0,8.0,90,1,68
1898,4,3,113734.0,0,0,7.0,9,0,77
1899,4,4,59292.0,0,1,8.0,71,0,72
1900,4,2,45759.0,1,1,9.0,13,0,58
1901,2,3,22148.0,0,0,8.0,16,0,39
1902,3,2,73395.0,0,0,8.0,94,0,35
1903,2,1,29819.0,1,0,8.0,77,0,51
1904,2,2,45688.0,0,1,8.0,20,1,54
1905,2,2,62820.0,0,0,9.0,51,0,68
1906,4,2,60491.0,0,1,8.0,81,0,51
1907,2,4,33235.0,1,0,8.0,71,0,36
1908,2,2,35701.0,0,0,9.0,36,0,63
1909,3,2,31535.0,1,0,8.0,95,1,42
1910,0,4,92556.0,0,0,8.0,32,0,62
1911,2,3,67384.0,0,1,9.0,32,1,52
1912,3,4,80573.0,0,0,9.0,85,0,51
1913,2,2,77870.0,0,1,9.0,93,1,55
1914,4,5,52278.0,0,1,9.0,24,0,59
1915,2,3,57107.0,0,1,9.0,44,1,54
1916,2,2,18929.0,0,0,9.0,15,0,32
1917,4,3,36038.0,1,0,8.0,82,0,41
1918,2,3,20180.0,0,0,9.0,27,0,46
1919,4,4,34230.0,1,1,9.0,72,0,57
1920,0,3,31878.0,0,1,7.0,7,0,45
1921,0,2,70932.0,0,1,8.0,57,0,50
1922,2,3,91249.0,0,0,9.0,84,1,66
1923,3,3,77598.0,0,0,8.0,53,1,79
1924,2,3,80982.0,1,1,9.0,48,0,63
1925,3,2,22701.0,1,0,8.0,2,0,45
1926,4,2,55212.0,0,1,9.0,65,1,53
1927,2,2,70617.0,0,0,8.0,45,0,52
1928,2,3,64849.0,0,0,9.0,42,1,65
1929,3,2,62694.0,1,1,8.0,29,0,57
1930,4,2,61917.0,1,1,8.0,83,0,48
1931,4,2,67472.0,0,1,8.0,93,0,75
1932,3,2,21059.0,1,0,8.0,40,0,40
1933,3,2,29543.0,2,0,8.0,47,0,54
1934,2,2,75903.0,0,1,9.0,50,0,71
1935,0,4,34984.0,1,1,9.0,40,0,47
1936,4,3,54998.0,0,1,9.0,3,1,66
1937,4,5,54356.0,0,1,9.0,62,1,73
1938,3,2,34242.0,0,1,8.0,25,0,63
1939,2,2,25410.0,1,0,8.0,48,0,49
1940,4,2,73356.0,0,0,8.0,56,1,38
1941,2,4,28320.0,0,1,9.0,68,0,72
1942,2,3,23763.0,1,0,9.0,64,0,45
1943,2,2,72570.0,0,0,8.0,67,0,38
1944,3,2,34529.0,1,0,9.0,94,0,46
1945,2,5,70792.0,0,0,9.0,82,0,71
1946,2,2,63211.0,0,0,9.0,3,1,40
1947,3,2,83891.0,0,1,7.0,24,0,48
1948,2,3,36065.0,1,1,9.0,54,0,54
1949,2,4,39898.0,0,1,9.0,20,0,68
1950,4,3,51141.0,0,0,8.0,96,0,82
1951,2,2,56939.0,0,1,8.0,19,0,46
1952,2,3,80872.0,0,0,8.0,60,0,71
1953,4,4,72335.0,0,0,9.0,2,1,46
1954,4,3,61798.0,0,0,8.0,13,0,58
1955,4,5,76842.0,0,0,8.0,37,0,72
1956,2,4,29478.0,1,0,8.0,59,0,46
1957,2,3,46998.0,0,1,9.0,55,1,66
1958,2,3,96843.0,0,0,9.0,60,1,32
1959,4,5,56551.0,1,1,8.0,48,0,72
1960,3,2,70053.0,0,1,8.0,38,0,57
1961,4,5,71670.0,0,0,8.0,8,1,60
1962,2,2,44359.0,1,1,7.0,19,0,44
1963,2,3,40887.0,1,1,9.0,32,1,70
1964,2,1,48877.0,0,1,8.0,27,0,56
1965,2,4,74485.0,0,0,8.0,58,0,75
1966,2,4,64474.0,0,1,8.0,59,0,50
1967,2,4,77226.0,0,1,8.0,29,0,59
1968,2,5,72643.0,0,0,9.0,60,1,73
1969,3,4,85738.0,0,0,8.0,41,1,44
1970,2,1,55686.0,0,1,9.0,27,1,56
1971,2,3,39062.0,1,0,8.0,28,1,39
1972,2,4,34600.0,1,1,9.0,8,1,51
1973,2,2,40794.0,0,1,9.0,18,0,47
1974,0,2,54690.0,1,1,8.0,76,0,51
1975,2,2,4428.0,0,1,8.0,0,0,53
1976,0,2,32632.0,0,0,9.0,32,0,59
1977,4,3,38236.0,1,1,8.0,2,0,54
1978,2,2,36781.0,1,0,8.0,16,1,43
1979,3,3,31385.0,1,0,9.0,56,1,38
1980,2,2,24570.0,1,0,9.0,97,0,38
1981,4,1,25509.0,1,0,9.0,15,1,48
1982,2,2,94642.0,0,0,8.0,35,1,71
1983,3,2,58646.0,0,1,8.0,3,0,60
1984,2,3,53201.0,1,1,9.0,49,0,47
1985,2,4,21994.0,0,1,9.0,4,0,65
1986,2,2,57113.0,1,1,9.0,45,0,44
1987,2,2,51373.0,0,0,8.0,37,0,31
1988,2,2,23477.0,1,0,8.0,39,0,36
1989,2,2,58116.0,0,1,8.0,38,0,66
1990,4,1,72968.0,0,0,8.0,8,1,59
1991,3,2,39791.0,0,1,9.0,89,0,51
1992,3,3,91712.0,0,0,8.0,47,1,75
1993,2,3,94472.0,0,1,8.0,75,1,64
1994,2,4,13672.0,1,1,9.0,86,0,62
1995,0,2,96547.0,0,0,7.0,4,1,42
1996,2,2,79205.0,0,0,9.0,73,1,47
1997,4,4,56559.0,0,1,9.0,46,0,47
1998,4,2,32644.0,1,0,9.0,38,1,49
1999,0,3,67506.0,0,1,8.0,73,0,42
2000,2,3,24206.0,1,0,9.0,66,0,52
2001,4,1,28420.0,1,0,8.0,36,0,55
2002,2,2,22979.0,1,0,9.0,29,1,52
2003,2,3,33279.0,0,0,7.0,29,0,56
2004,3,3,46423.0,1,1,8.0,6,0,50
2005,2,2,30368.0,0,1,8.0,97,0,45
2006,2,2,63684.0,0,1,9.0,61,0,52
2007,2,1,41638.0,0,1,9.0,68,1,58
2008,4,1,68805.0,0,1,8.0,73,0,63
2009,4,4,65814.0,0,1,8.0,90,0,56
2010,2,1,71964.0,0,0,9.0,81,0,64
2011,2,3,39146.0,1,0,9.0,1,0,36
2012,2,4,96876.0,0,0,8.0,79,1,45
2013,1,2,34445.0,0,0,9.0,92,0,41
2014,2,3,68281.0,0,0,9.0,31,1,64
2015,0,2,37284.0,1,1,9.0,46,0,47
2016,2,2,36790.0,0,0,9.0,14,1,39
2017,2,4,27943.0,1,1,9.0,89,0,55
2018,2,1,22263.0,1,1,8.0,31,0,71
2019,2,4,30261.0,1,2,9.0,75,0,50
2020,2,4,28587.0,1,0,8.0,42,0,44
2021,3,2,43815.0,1,0,9.0,53,0,40
2022,2,2,48195.0,1,1,8.0,53,0,66
2023,3,2,77027.0,0,1,8.0,23,0,70
2024,4,2,71322.0,0,1,9.0,57,0,57
2025,3,2,32765.0,1,0,8.0,49,0,43
2026,2,4,29672.0,1,1,9.0,6,0,57
2027,2,1,23272.0,0,0,8.0,29,0,69
2028,3,4,49912.0,0,1,9.0,5,1,73
2029,0,4,7500.0,1,0,9.0,98,0,37
2030,4,5,68117.0,0,1,9.0,80,1,75
2031,2,2,67225.0,0,1,8.0,4,0,67
2032,2,2,17649.0,1,0,8.0,70,0,46
2033,2,4,55914.0,0,1,9.0,32,0,47
2034,2,2,40059.0,1,0,8.0,82,1,38
2035,2,4,60905.0,0,1,8.0,27,0,72
2036,2,2,75330.0,1,1,9.0,94,0,45
2037,2,3,60689.0,0,1,8.0,23,0,71
2038,2,2,38680.0,1,0,9.0,97,0,38
2039,2,4,61416.0,0,0,9.0,25,1,40
2040,2,3,49767.0,0,0,9.0,92,0,31
2041,2,3,83273.0,1,2,9.0,98,0,52
2042,2,2,29009.0,1,0,8.0,19,0,41
2043,3,2,45057.0,1,0,8.0,80,0,43
2044,2,2,37150.0,1,0,9.0,80,0,51
2045,2,3,43020.0,1,0,8.0,79,0,52
2046,2,2,53154.0,0,1,7.0,50,0,63
2047,2,2,65308.0,0,0,8.0,60,1,49
2048,2,3,76467.0,1,0,9.0,44,1,52
2049,0,2,81044.0,0,0,8.0,0,0,75
2050,2,2,32871.0,1,1,9.0,28,0,71
2051,2,3,55801.0,1,1,8.0,35,1,47
2052,2,5,76320.0,0,1,7.0,49,0,63
2053,3,3,36927.0,1,1,7.0,46,0,67
2054,2,4,48794.0,1,1,7.0,97,0,69
2055,2,3,23478.0,0,0,9.0,51,0,57
2056,2,1,71128.0,1,0,9.0,80,0,49
2057,4,1,70179.0,0,1,8.0,10,0,46
2058,2,2,59462.0,0,1,9.0,29,0,72
2060,2,4,38361.0,1,0,8.0,74,0,53
2062,4,4,70038.0,0,0,8.0,54,0,40
2063,2,4,42554.0,1,1,9.0,93,0,44
2064,2,2,67445.0,0,1,9.0,63,0,48
2065,2,5,67046.0,0,1,9.0,92,0,71
2066,2,2,42192.0,0,0,8.0,40,0,74
2067,4,2,77610.0,0,1,9.0,70,0,70
2068,2,2,31761.0,1,0,8.0,96,0,38
2069,2,4,34350.0,1,0,8.0,81,0,43
2070,2,4,54591.0,0,1,8.0,63,0,73
2071,2,2,71866.0,0,1,8.0,85,0,66
2072,2,2,25293.0,1,0,8.0,51,0,53
2073,4,3,42000.0,0,0,9.0,23,1,35
2074,2,2,69520.0,0,0,8.0,95,0,39
2075,2,1,64713.0,1,0,8.0,11,1,52
2076,3,2,27889.0,1,0,8.0,42,0,45
2077,1,5,22123.0,0,0,8.0,77,0,62
2080,2,2,27803.0,1,0,9.0,40,0,49
2082,2,2,51651.0,0,1,9.0,32,0,62
2083,2,2,68487.0,0,0,9.0,48,0,34
2085,2,2,56796.0,0,1,9.0,24,0,53
2086,0,2,87000.0,0,0,9.0,61,0,30
2087,2,2,79823.0,0,1,8.0,6,1,63
2088,2,3,30828.0,1,0,8.0,16,0,42
2089,3,2,34109.0,0,1,8.0,39,0,51
2090,3,1,53367.0,1,1,8.0,2,1,48
2091,1,4,22390.0,0,0,8.0,49,0,53
2092,2,4,71322.0,0,1,8.0,31,0,46
2093,2,3,79244.0,0,0,9.0,58,1,29
2094,3,4,49912.0,0,1,9.0,5,1,73
2095,4,2,48699.0,1,1,9.0,90,0,72
2096,2,4,80144.0,0,0,8.0,47,0,47
2097,2,3,54252.0,1,1,8.0,25,0,66
2098,3,2,81929.0,1,0,9.0,60,1,46
2099,2,2,76068.0,0,1,9.0,67,1,47
2100,3,2,53204.0,1,1,8.0,40,0,46
2101,4,4,67911.0,0,1,7.0,63,0,73
2102,0,2,14796.0,1,0,9.0,1,1,38
2103,4,2,78128.0,0,1,8.0,89,1,48
2104,1,2,14188.0,0,0,9.0,40,0,50
2105,1,2,20425.0,1,0,9.0,5,0,36
2106,3,2,58646.0,0,1,8.0,3,0,60
2107,2,1,72967.0,0,1,9.0,1,1,52
2108,3,2,48150.0,0,1,8.0,24,0,73
2109,2,3,82332.0,0,0,9.0,89,1,61
2110,2,5,58275.0,1,1,8.0,48,0,67
2111,4,4,44953.0,0,0,9.0,31,1,41
2112,2,4,34587.0,1,1,8.0,68,0,69
2113,3,4,43018.0,0,1,8.0,46,0,48
2114,3,2,45736.0,0,1,8.0,92,0,68
2115,3,4,66476.0,0,1,8.0,80,0,53
2116,0,2,27733.0,1,0,8.0,16,0,41
2117,4,4,69805.0,0,1,8.0,50,0,70
2118,3,3,72217.0,0,0,9.0,93,0,60
2119,2,1,25818.0,1,0,9.0,51,0,51
2120,3,4,37509.0,1,0,9.0,24,0,46
2121,0,4,25176.0,1,1,8.0,79,0,46
2122,2,2,43586.0,0,1,9.0,26,0,42
2123,0,2,53230.0,0,1,9.0,86,0,66
2124,2,4,50116.0,1,1,7.0,68,1,65
2125,2,4,84906.0,0,0,8.0,98,1,50
2126,2,2,61286.0,0,1,8.0,34,0,56
2127,4,2,82333.0,0,0,9.0,60,1,36
2128,4,4,65220.0,0,0,9.0,3,1,57
2129,2,4,33590.0,2,1,8.0,65,0,48
2130,2,1,30992.0,1,0,9.0,83,0,46
2131,3,3,72309.0,0,0,9.0,64,1,46
2133,1,2,16005.0,1,0,9.0,69,0,42
2134,3,3,65487.0,0,0,8.0,48,0,65
2135,2,2,58692.0,0,1,8.0,21,0,57
2136,2,5,40590.0,1,1,8.0,30,1,53
2137,2,3,20587.0,1,0,8.0,39,0,52
2138,3,1,62637.0,0,1,8.0,76,0,68
2139,3,1,29435.0,1,1,9.0,11,1,56
2140,2,1,19346.0,1,0,8.0,26,0,48
2141,2,2,35788.0,1,1,8.0,34,0,51
2142,2,1,36997.0,1,1,9.0,72,0,54
2143,2,2,23539.0,0,0,8.0,13,0,65
2144,2,3,65333.0,0,1,8.0,58,1,49
2145,2,3,78499.0,0,0,8.0,12,1,65
2146,4,4,29732.0,1,0,8.0,23,0,51
2147,3,4,41275.0,1,2,8.0,33,0,62
2148,4,4,63516.0,1,1,8.0,30,0,49
2149,4,2,42769.0,0,1,8.0,15,0,60
2150,3,2,49572.0,1,1,8.0,25,0,64
2151,2,2,69209.0,0,0,9.0,4,1,50
2152,2,2,17148.0,1,0,8.0,80,0,46
2153,2,5,40590.0,1,1,8.0,30,1,53
2154,3,4,30560.0,1,0,8.0,6,0,46
2155,0,2,32146.0,1,0,8.0,16,0,39
2156,0,1,41713.0,1,1,8.0,57,0,58
2157,3,4,34176.0,0,1,8.0,9,0,47
2158,4,2,58482.0,0,1,8.0,59,1,67
2159,2,3,59686.0,0,1,8.0,78,0,57
2160,4,2,60896.0,0,1,9.0,90,1,58
2161,2,4,62994.0,1,0,8.0,74,0,42
2162,2,4,47320.0,0,1,8.0,10,0,65
2163,0,5,74859.0,0,0,8.0,63,1,73
2164,1,3,15253.0,1,0,8.0,13,0,30
2165,4,3,31560.0,1,0,8.0,98,0,48
2166,2,1,72071.0,0,1,9.0,4,0,68
2167,3,3,91172.0,0,0,9.0,94,1,32
2168,2,2,90000.0,0,0,8.0,91,1,38
2169,2,3,41967.0,1,1,8.0,66,0,41
2170,2,3,69263.0,0,1,8.0,14,1,57
2171,0,1,65706.0,0,0,8.0,77,1,52
2172,2,4,60934.0,0,1,8.0,41,0,47
2173,2,2,71965.0,0,1,8.0,21,0,71
2174,2,2,65210.0,0,1,8.0,25,1,67
2175,4,2,79174.0,0,0,9.0,2,1,47
2176,3,1,81380.0,0,0,9.0,51,0,55
2177,4,3,48432.0,0,1,9.0,3,0,49
2178,2,2,52914.0,0,1,9.0,32,1,51
2179,2,4,38946.0,0,1,8.0,84,0,67
2180,2,2,26067.0,1,0,8.0,49,0,48
2181,4,2,44325.0,0,1,9.0,69,1,50
2182,2,2,42523.0,0,0,8.0,96,0,58
2183,1,3,26487.0,1,0,9.0,23,0,44
2184,0,2,53233.0,0,1,8.0,18,0,65
2185,2,2,67716.0,0,1,9.0,8,1,62
2186,3,2,76234.0,0,1,8.0,21,1,50
2187,4,2,84117.0,0,0,8.0,60,1,66
2188,3,4,65487.0,0,0,8.0,48,0,65
2189,1,2,25224.0,1,0,8.0,36,0,50
2190,3,3,89616.0,0,0,9.0,36,1,39
2191,2,1,40851.0,1,1,9.0,63,0,51
2192,2,2,27469.0,0,0,9.0,2,0,75
2193,0,2,82347.0,0,0,9.0,38,1,65
2194,2,2,73803.0,0,1,9.0,61,1,65
2195,3,3,8820.0,1,1,9.0,52,0,70
2196,2,3,43322.0,0,0,8.0,25,0,48
2197,2,4,55593.0,0,1,8.0,63,1,49
2198,2,2,50501.0,1,1,8.0,10,1,68
2199,2,2,37085.0,1,1,7.0,65,0,47
2200,1,3,16185.0,1,0,8.0,71,0,32
2201,2,3,57731.0,0,1,9.0,0,0,53
2202,4,3,48432.0,0,1,9.0,3,1,49
2203,2,2,73807.0,0,1,9.0,88,0,44
2204,2,2,18929.0,0,0,9.0,15,0,32
2205,2,3,35893.0,1,1,9.0,80,0,54
2206,2,2,61014.0,0,1,9.0,17,0,42
2207,2,4,32144.0,1,1,8.0,76,1,68
2208,1,4,14918.0,0,1,9.0,52,0,59
2209,2,1,45146.0,1,1,8.0,28,0,59
2210,0,1,41769.0,0,1,9.0,31,0,67
2211,2,4,88325.0,0,0,8.0,42,0,41
2212,3,1,38054.0,1,1,8.0,24,0,72
2213,0,3,80617.0,0,0,9.0,42,0,27
2214,2,2,5305.0,0,1,8.0,12,0,46
2215,2,4,36807.0,1,1,9.0,88,0,68
2216,2,4,28427.0,1,0,9.0,67,0,39
2217,4,5,82032.0,0,0,8.0,54,0,74
2218,2,4,22775.0,1,0,8.0,40,0,44
2219,3,4,40101.0,1,0,9.0,73,0,37
2220,2,2,58025.0,0,1,8.0,81,0,43
2221,3,3,75777.0,0,0,8.0,12,1,40
2222,0,4,7500.0,1,0,9.0,7,0,43
2223,3,2,33562.0,1,2,7.0,33,0,59
2224,4,3,57642.0,0,1,8.0,24,1,52
2225,2,4,58554.0,1,1,9.0,55,0,54
2226,2,2,63777.0,1,1,9.0,87,0,43
2227,2,3,57967.0,0,1,9.0,39,0,60
2229,2,2,24434.0,2,0,8.0,9,0,50
2230,2,3,11012.0,1,0,9.0,82,1,38
2231,3,3,44802.0,0,0,9.0,71,0,52
2232,2,3,26816.0,0,0,9.0,50,0,36
2234,2,2,34421.0,1,0,8.0,81,0,48
2235,2,2,61223.0,0,1,8.0,46,0,55
2236,4,4,64014.0,2,1,7.0,56,1,76
2237,2,1,56981.0,0,0,8.0,91,1,41
2238,3,4,69245.0,0,1,8.0,8,0,66
2239,4,2,52869.0,1,1,9.0,40,1,68
